method,seed,rollouts_per_target,median_E_ratio,p25_E_ratio,p75_E_ratio,frac_within_2pct
bf,0,1,1.9074365234525918,1.364056163404599,2.8520400180327634,0.0
bf,0,2,1.4597667103588994,1.2234341903298402,2.0417857362628844,0.01
bf,0,3,1.305659725473279,1.1641759980939859,1.748317634777389,0.015
bf,0,4,1.2488654738060299,1.1448823748556374,1.5279495481782097,0.015
bf,0,5,1.2043593263842856,1.1194382922900152,1.4071664856554849,0.02
bf,0,6,1.1811769604714186,1.113372792906984,1.3551362035838737,0.02
bf,0,7,1.1640469671263456,1.0947205049970252,1.3020332683247389,0.025
bf,0,9,1.1494559049991997,1.077897643570856,1.252023875875388,0.04
bf,0,11,1.1312879460525944,1.067142993719588,1.2069615803227405,0.05
bf,0,14,1.114217476548174,1.059103581003183,1.1880392733418195,0.05
bf,0,17,1.0991758917125425,1.0565443397110905,1.1697250861021788,0.06
bf,0,20,1.0947642843438365,1.0517661569818244,1.1547448344526492,0.07
bf,0,25,1.0873891095641444,1.0408585642700898,1.143257069356341,0.075
bf,0,30,1.082810415071738,1.0376318248269611,1.130696125785082,0.105
bf,0,37,1.0695455313289983,1.0342595563510635,1.1178066495766044,0.115
bf,0,45,1.0545779018407329,1.0316688294701528,1.0970240210884183,0.13
bf,0,55,1.0478599790438399,1.02652163704262,1.0947819730577362,0.17
bf,0,68,1.0416882270150176,1.0217822377024588,1.0851358350934008,0.21
bf,0,83,1.0356012755464807,1.017427816181448,1.0741660003106355,0.29
bf,0,101,1.03353964855016,1.0157824014680563,1.063150610822165,0.345
bf,0,123,1.0270530812225562,1.012911965434756,1.0524314393957146,0.405
bf,0,151,1.0239556171803685,1.0111428567499414,1.0457924314201235,0.445
bf,0,184,1.020295179670868,1.0082377740378334,1.0397061062470148,0.5
bf,0,225,1.017674656984412,1.0061330777281952,1.0351455302041177,0.54
bf,0,275,1.014655104740175,1.005926128049568,1.0342546090973288,0.585
bf,0,336,1.0138219731064508,1.0035158032668117,1.0308463332639612,0.62
bf,0,411,1.0123952047727496,1.0022947374032718,1.025933531582564,0.655
bf,0,502,1.0092928557230723,1.0007541472531363,1.0224130598279089,0.715
bf,0,614,1.0073198364940015,1.0,1.0178297977207298,0.77
bf,0,750,1.005181843908931,1.0,1.0134681119802509,0.815
bf,0,917,1.0027082227808364,1.0,1.011166153094605,0.875
bf,0,1121,1.0013378232519443,1.0,1.0092566603870445,0.9
bf,0,1369,1.0,1.0,1.0072240758751125,0.935
bf,0,1674,1.0,1.0,1.0025435918626397,0.975
bf,0,2046,1.0,1.0,1.0,0.985
bf,0,2500,1.0,1.0,1.0,1.0
bf,1,1,1.9996400616327883,1.4053343760156314,2.8073220368075122,0.015
bf,1,2,1.5061769002534395,1.205124622199156,2.1994032215883186,0.015
bf,1,3,1.3730171901693193,1.1613364770028078,1.8875638463449511,0.015
bf,1,4,1.2758092785842954,1.1214153669735254,1.6026324284141058,0.02
bf,1,5,1.2454703942932774,1.1095929195463743,1.4567305723744983,0.03
bf,1,6,1.2087821253740856,1.106073134248876,1.3824196387521672,0.035
bf,1,7,1.1984297723156794,1.0988074346712522,1.362058384659522,0.035
bf,1,9,1.16665653147225,1.0731938268097094,1.3167636866336754,0.045
bf,1,11,1.1425450985247245,1.0704514020695521,1.261380071761636,0.055
bf,1,14,1.123106366893983,1.0598621701013173,1.2050060007168044,0.065
bf,1,17,1.1104785646331234,1.0530971475713085,1.1791416926684497,0.075
bf,1,20,1.1026374534642427,1.0505256144727997,1.1584214244801527,0.08
bf,1,25,1.0889649207636563,1.0448696942148312,1.1475461888235494,0.09
bf,1,30,1.0781539833410632,1.0420270538138352,1.138008918943116,0.095
bf,1,37,1.0704000673840208,1.0355837322708763,1.1240940481150297,0.125
bf,1,45,1.0615769414507183,1.0295318066455805,1.1093303307231466,0.155
bf,1,55,1.0541633173492517,1.025699160793189,1.094079220478294,0.195
bf,1,68,1.0515698664274764,1.023262222582553,1.0851009909012557,0.22
bf,1,83,1.0388152664901065,1.0179558987039665,1.079212586678228,0.275
bf,1,101,1.0343649941591502,1.0140288026841855,1.0711156101839905,0.335
bf,1,123,1.030959273453087,1.0129394609262807,1.0628367785098547,0.365
bf,1,151,1.029080990787072,1.0112273536302088,1.0581352753572237,0.41
bf,1,184,1.0265405166661044,1.0097924386300656,1.0523462460955768,0.445
bf,1,225,1.0208960423784617,1.0081752129268304,1.0402537759898856,0.49
bf,1,275,1.0160794702317473,1.0070097672422844,1.0366266113062004,0.55
bf,1,336,1.0140993372665545,1.0060225138992678,1.0319726281497665,0.6
bf,1,411,1.013206467130984,1.0026093225391675,1.028531188560045,0.65
bf,1,502,1.008246485266404,1.0007757121035676,1.0223483263236555,0.725
bf,1,614,1.0064263275761474,1.0001399904889823,1.018535803468731,0.77
bf,1,750,1.0046095253584624,1.0,1.014092218891496,0.83
bf,1,917,1.002428402412159,1.0,1.011346966843507,0.88
bf,1,1121,1.00011698560818,1.0,1.0068308926409646,0.93
bf,1,1369,1.0,1.0,1.0045953539625025,0.95
bf,1,1674,1.0,1.0,1.001403694147086,0.96
bf,1,2046,1.0,1.0,1.0,0.985
bf,1,2500,1.0,1.0,1.0,1.0
bf,2,1,1.975843591412566,1.3783659690950874,3.0503762703705544,0.005
bf,2,2,1.4774982512349912,1.246682721703781,2.148202897661604,0.01
bf,2,3,1.355486341782671,1.1881817039132514,1.7256335884553955,0.025
bf,2,4,1.2943927468321506,1.1603819373786328,1.5760677401738243,0.03
bf,2,5,1.2458679775852683,1.142005941907158,1.5231424504686413,0.045
bf,2,6,1.2251618934740698,1.122956258399825,1.4430300076900977,0.045
bf,2,7,1.211821724572438,1.1112871088739402,1.3822210482255493,0.045
bf,2,9,1.179088605129067,1.093909330574154,1.3059392483853083,0.05
bf,2,11,1.1477861549770496,1.0842908430542906,1.2578894794389863,0.055
bf,2,14,1.139468073759534,1.0760463938160045,1.216951773852693,0.055
bf,2,17,1.1274599891153385,1.0703557077179564,1.21142750793933,0.055
bf,2,20,1.114536706570513,1.0619901582725846,1.1875562351616287,0.06
bf,2,25,1.090576759207463,1.052671102425836,1.1592533884151783,0.095
bf,2,30,1.0806483395899367,1.0468720406189336,1.1421123856475537,0.12
bf,2,37,1.0718556777500776,1.0381681702666876,1.126601556905832,0.15
bf,2,45,1.0665811043549858,1.0307700189733737,1.109305700160868,0.17
bf,2,55,1.0584030748440172,1.0251931617827725,1.0923948940966468,0.205
bf,2,68,1.0514558120008393,1.0205583275701795,1.0865845338607614,0.245
bf,2,83,1.0421367797103578,1.0162584531416097,1.0750177668816718,0.285
bf,2,101,1.0339090281852585,1.011738143755092,1.0708435746219827,0.32
bf,2,123,1.0280905689684365,1.0088814579156655,1.0621322223844267,0.375
bf,2,151,1.0248820590888494,1.0079978008814854,1.0534340889227383,0.445
bf,2,184,1.020403206578989,1.006486559393482,1.045010496593646,0.495
bf,2,225,1.0167587707120935,1.005033536490146,1.0403473663204297,0.545
bf,2,275,1.0137486365793071,1.0036795602437731,1.033567019295736,0.595
bf,2,336,1.0126351635545148,1.0025632786922882,1.0286107258052768,0.645
bf,2,411,1.0104800027515275,1.0023060429828266,1.0246173900440105,0.68
bf,2,502,1.0088476169258236,1.0013935456243543,1.0210555867965885,0.725
bf,2,614,1.006749422832434,1.0002251690718214,1.0179406997064844,0.79
bf,2,750,1.004032763817553,1.0,1.0138740087592681,0.835
bf,2,917,1.0024718553868524,1.0,1.0115110376682872,0.88
bf,2,1121,1.000601532798373,1.0,1.0078724587424892,0.925
bf,2,1369,1.0,1.0,1.0048442238484911,0.95
bf,2,1674,1.0,1.0,1.001049122342433,0.97
bf,2,2046,1.0,1.0,1.0,0.985
bf,2,2500,1.0,1.0,1.0,1.0
bf,3,1,1.9779288565388997,1.3709233131034526,2.892195233022903,0.005
bf,3,2,1.4990053160786219,1.2365333567403043,2.19751100138809,0.01
bf,3,3,1.3525138430573016,1.1946052036821602,1.7762893248303804,0.015
bf,3,4,1.2849969030817339,1.159788689994394,1.617470733864458,0.02
bf,3,5,1.249718281638807,1.135647530552396,1.5240505965149689,0.03
bf,3,6,1.2191810686156224,1.1161695583348115,1.4549480375829607,0.035
bf,3,7,1.193560021585114,1.1033003027731305,1.3517571835447446,0.035
bf,3,9,1.1665042496978066,1.0926220751246527,1.2932930466360282,0.04
bf,3,11,1.1535645589754373,1.0776695353158408,1.2572092202420937,0.055
bf,3,14,1.137010677666664,1.0672120430794068,1.2365497911890126,0.06
bf,3,17,1.1263049461449157,1.0611511380843892,1.1933183167431172,0.065
bf,3,20,1.1020635346891599,1.0533270197347062,1.184169767234113,0.085
bf,3,25,1.0884902490503694,1.0452503335459813,1.150629375941835,0.12
bf,3,30,1.0839107510873316,1.0418425434862582,1.1396968930632587,0.14
bf,3,37,1.0664835780256054,1.0375562942645995,1.1239694207955608,0.155
bf,3,45,1.0560975210275174,1.027154587509135,1.1009986905038334,0.195
bf,3,55,1.0513119902048271,1.0250928890323046,1.0862099041613749,0.225
bf,3,68,1.043220522870691,1.0190009392257986,1.0811455644628087,0.27
bf,3,83,1.0398955101354863,1.0172108564410207,1.0690002643787524,0.29
bf,3,101,1.0352049242303578,1.0124135570049915,1.0553123385550545,0.35
bf,3,123,1.0307604582692784,1.0118186281492862,1.0511578814907439,0.375
bf,3,151,1.02617440268796,1.0088450854071742,1.0463892968004027,0.425
bf,3,184,1.0201643448054063,1.006941181762834,1.0406713445395892,0.495
bf,3,225,1.0182343570673544,1.0056070976052187,1.0396700304733288,0.54
bf,3,275,1.0142130793463742,1.003612861693604,1.0367433284155836,0.58
bf,3,336,1.0124543826689267,1.0021157921706967,1.0307428417074826,0.625
bf,3,411,1.0114915594277734,1.0016554542608893,1.0279500484851494,0.66
bf,3,502,1.007792590299048,1.000661698822051,1.023401479449103,0.715
bf,3,614,1.006563558994817,1.0,1.0195536927665336,0.755
bf,3,750,1.0041015142457834,1.0,1.0160619665213673,0.79
bf,3,917,1.0014243806579484,1.0,1.0124281234706676,0.825
bf,3,1121,1.0,1.0,1.0079694705449387,0.9
bf,3,1369,1.0,1.0,1.005870353915966,0.925
bf,3,1674,1.0,1.0,1.0018872385006274,0.96
bf,3,2046,1.0,1.0,1.0,0.98
bf,3,2500,1.0,1.0,1.0,1.0
bf,4,1,1.9303899220739742,1.3826489512508593,2.9440617318835347,0.0
bf,4,2,1.4504294159501248,1.2152540481505727,1.9882820154319862,0.005
bf,4,3,1.3748422490967518,1.1821303612642187,1.6875983678854256,0.005
bf,4,4,1.2787376659722423,1.1458263628484155,1.5206062480546583,0.02
bf,4,5,1.2342978368853754,1.1374228684008427,1.4561534500179967,0.025
bf,4,6,1.192519070216346,1.1130427695936376,1.401762634201271,0.03
bf,4,7,1.1738373005762737,1.098935158685917,1.3326493966583692,0.03
bf,4,9,1.1534883651633248,1.08649123557157,1.2636738751922798,0.04
bf,4,11,1.1382979337174257,1.0745824273944207,1.2119935665633845,0.05
bf,4,14,1.1217838567564309,1.0696238465059635,1.203890506727428,0.055
bf,4,17,1.1131064250167793,1.057609564427679,1.1789706250980836,0.055
bf,4,20,1.105993850918638,1.053118342773075,1.1736238984094716,0.06
bf,4,25,1.0884855551015198,1.0447178256848508,1.1622229613165227,0.065
bf,4,30,1.0776311339560194,1.0395846796028154,1.1490269742037134,0.09
bf,4,37,1.0729519637617235,1.0348474111264605,1.1248351883869403,0.115
bf,4,45,1.063152809709727,1.0278554419359027,1.1145493584963615,0.17
bf,4,55,1.0551829672080593,1.0241900763738387,1.108832087536333,0.21
bf,4,68,1.0510465787847458,1.023481213085222,1.0876308294924937,0.215
bf,4,83,1.0437199669066664,1.0200419266965963,1.0784924703236647,0.25
bf,4,101,1.040195150484608,1.0176466182076636,1.074826852778142,0.28
bf,4,123,1.0310783403008257,1.0146287824308438,1.0600891605291447,0.31
bf,4,151,1.0279849205306468,1.0121782811007827,1.050794933494592,0.355
bf,4,184,1.0261004890228942,1.00970857476319,1.0415711641363266,0.41
bf,4,225,1.0194648172819574,1.0063075190047943,1.0356345832364844,0.505
bf,4,275,1.0171555081408425,1.0034084120603026,1.0323898676275556,0.535
bf,4,336,1.0137918709751097,1.0028036955470387,1.0307796814493824,0.595
bf,4,411,1.0115601840040176,1.0010860595828848,1.026307399268486,0.645
bf,4,502,1.009394067713271,1.0004370878670275,1.0215497490576402,0.715
bf,4,614,1.0075524674512262,1.0000007324336444,1.0194308434455763,0.755
bf,4,750,1.005009398590441,1.0,1.014715533305568,0.8
bf,4,917,1.0023629782466177,1.0,1.011145978203602,0.845
bf,4,1121,1.0006015327983744,1.0,1.0099292411984215,0.865
bf,4,1369,1.0,1.0,1.0061516135742312,0.915
bf,4,1674,1.0,1.0,1.0013522542687314,0.955
bf,4,2046,1.0,1.0,1.0,0.985
bf,4,2500,1.0,1.0,1.0,1.0
bf,5,1,2.10704861421043,1.439375074178262,3.005388716740574,0.0
bf,5,2,1.5099459216612887,1.2378824138417253,2.154484834460008,0.0
bf,5,3,1.3891363871526161,1.1808208325758314,1.7736392332951063,0.005
bf,5,4,1.27323504816304,1.1370489334575358,1.5321109869962413,0.005
bf,5,5,1.2179882824338937,1.1091365770199921,1.4573543098044373,0.02
bf,5,6,1.19612143023336,1.1005174964669164,1.4129224975300838,0.02
bf,5,7,1.1821323980340925,1.0962651908018137,1.3624960178508982,0.02
bf,5,9,1.1564743883826725,1.080669346219306,1.306236251578025,0.03
bf,5,11,1.1376515393336861,1.0696018282755202,1.257007901918179,0.035
bf,5,14,1.1261697620816529,1.064181463754048,1.2195343792934463,0.045
bf,5,17,1.1077508883598273,1.0556836707959232,1.2002912145496367,0.055
bf,5,20,1.1005037858136886,1.0535623619524321,1.1826143085031187,0.055
bf,5,25,1.0816330172399726,1.0461927445180916,1.156501786168532,0.095
bf,5,30,1.0705589406655103,1.0378123599931954,1.1346609099774905,0.125
bf,5,37,1.0624302669890255,1.0308179239938677,1.1201629082814673,0.155
bf,5,45,1.060355045919545,1.028834119217193,1.09919709830311,0.175
bf,5,55,1.0515480865536726,1.0260527864900792,1.0893609686283365,0.195
bf,5,68,1.041859444531008,1.0223976718694905,1.0746687953426757,0.225
bf,5,83,1.0377722847039357,1.018393196400865,1.068121008264911,0.26
bf,5,101,1.0348211215528873,1.017447381195891,1.0620813307426338,0.29
bf,5,123,1.0310404954823436,1.0134854201427816,1.055800258127971,0.345
bf,5,151,1.025989422417936,1.0109880156820459,1.046872183799276,0.4
bf,5,184,1.0243196283094411,1.0072903749867872,1.0406844553692616,0.43
bf,5,225,1.0225629327621029,1.0064601417172674,1.0379912724815874,0.465
bf,5,275,1.0175601844718116,1.004823785952781,1.0347140551954155,0.52
bf,5,336,1.015294412422402,1.0034225043831904,1.0305317778986522,0.565
bf,5,411,1.0126690630395567,1.0023858299896684,1.026246102875855,0.615
bf,5,502,1.008685245488635,1.0009683524795632,1.0246500673084575,0.68
bf,5,614,1.0061614518115491,1.0,1.0196493382629666,0.75
bf,5,750,1.0042641948191666,1.0,1.01401760639206,0.81
bf,5,917,1.0021762256580007,1.0,1.0098588366977803,0.85
bf,5,1121,1.0002018849574619,1.0,1.007452222948396,0.91
bf,5,1369,1.0,1.0,1.0045614708421309,0.94
bf,5,1674,1.0,1.0,1.0020974224150694,0.97
bf,5,2046,1.0,1.0,1.0,0.985
bf,5,2500,1.0,1.0,1.0,1.0
bf,6,1,2.0042977918113696,1.3899542334413566,3.0700549337199505,0.005
bf,6,2,1.5173186172578477,1.2583952320349325,2.3183682492309554,0.005
bf,6,3,1.3608921300512113,1.2084032276611039,1.8351376391401535,0.015
bf,6,4,1.2948109076360468,1.1562169685928203,1.5636445608993925,0.025
bf,6,5,1.2735744148205808,1.1461202570259947,1.5401539379144231,0.03
bf,6,6,1.2325828967708987,1.1268902280583488,1.440131962047241,0.03
bf,6,7,1.211714996059038,1.1164274951757827,1.3722987925353207,0.04
bf,6,9,1.182623731560685,1.1030380631865773,1.2969683359429838,0.04
bf,6,11,1.1445334133730687,1.0847901079252347,1.2523368980222016,0.05
bf,6,14,1.1298778496372637,1.0676130037259641,1.213959752636342,0.065
bf,6,17,1.1177710307739888,1.0604374416619722,1.1886364265550142,0.075
bf,6,20,1.1087262154519104,1.057170138453232,1.1842564121529326,0.095
bf,6,25,1.1018751217694605,1.0526060725820907,1.151260001399852,0.115
bf,6,30,1.0974176404708944,1.0494863899053903,1.144642053425783,0.13
bf,6,37,1.0765046897562627,1.038867847541017,1.1373879052885993,0.16
bf,6,45,1.063160567174792,1.0267820677948827,1.1246211327770914,0.205
bf,6,55,1.057646148264741,1.0207794231882654,1.1141017830597604,0.235
bf,6,68,1.0513556579735168,1.019778475400371,1.1008777868132475,0.25
bf,6,83,1.0424460379333909,1.016557147947394,1.0841446218832096,0.28
bf,6,101,1.0359361616385723,1.0130447988885338,1.0683712324106223,0.335
bf,6,123,1.0323214352049908,1.0127376666382402,1.057358328775547,0.35
bf,6,151,1.0271074976303707,1.0101294184267937,1.0556964526800778,0.405
bf,6,184,1.0241605612276394,1.0095312658065783,1.0478404777603585,0.44
bf,6,225,1.0214224257056044,1.007777303438623,1.0379085345045895,0.475
bf,6,275,1.017998688462248,1.0061411843283743,1.0350879997672422,0.515
bf,6,336,1.0150765133398965,1.0053414159558804,1.0307526858328986,0.575
bf,6,411,1.0129618245367848,1.0033640835029953,1.027205882407628,0.625
bf,6,502,1.009516290867197,1.0011515035132326,1.022253363325118,0.705
bf,6,614,1.00770685458839,1.0002432552334024,1.019759773377769,0.755
bf,6,750,1.0056138659766805,1.0,1.0146857442540478,0.81
bf,6,917,1.0024573225135065,1.0,1.012964785730998,0.84
bf,6,1121,1.0013059733470633,1.0,1.0095427564370276,0.875
bf,6,1369,1.0,1.0,1.0067827806171237,0.925
bf,6,1674,1.0,1.0,1.0014036941470772,0.96
bf,6,2046,1.0,1.0,1.0,0.995
bf,6,2500,1.0,1.0,1.0,1.0
bf,7,1,2.0447810399623103,1.4464024319552982,3.070575748616205,0.005
bf,7,2,1.4765888428977134,1.232843709105619,2.134845743594725,0.02
bf,7,3,1.3677121041278473,1.1956488651068828,1.7461795044883626,0.03
bf,7,4,1.303500462961544,1.1452414022647988,1.5889480393450464,0.035
bf,7,5,1.2700156055359626,1.1149768245166265,1.5247896470007454,0.04
bf,7,6,1.232032639046062,1.1145177928117498,1.4836491372683307,0.04
bf,7,7,1.2072984399875686,1.0985841110478216,1.3919174601127133,0.045
bf,7,9,1.1730267538168198,1.0883176707652846,1.322920505035295,0.05
bf,7,11,1.1407883786745536,1.0737537943633906,1.2541095937720812,0.065
bf,7,14,1.1270660871719413,1.0640342646137368,1.2164921593001858,0.08
bf,7,17,1.1079206213465196,1.0512650229416483,1.198115747791709,0.105
bf,7,20,1.0934354843546212,1.044724186517444,1.1615325432189623,0.13
bf,7,25,1.0715706286435605,1.036432350622084,1.1358511000831462,0.155
bf,7,30,1.0684845637229166,1.0352466581485282,1.1272756859873285,0.16
bf,7,37,1.062699681669648,1.0329776372409927,1.1116618544427015,0.18
bf,7,45,1.059241101342185,1.0319934710946235,1.0964093414741776,0.19
bf,7,55,1.053104982524264,1.0263111893371264,1.0884983659282614,0.225
bf,7,68,1.0471413117292094,1.020883344070179,1.0776486360929616,0.25
bf,7,83,1.0435087062359005,1.01784337761352,1.0744673733838568,0.28
bf,7,101,1.0379895036669726,1.0167783449529548,1.0670441191755322,0.295
bf,7,123,1.0326475648355409,1.0147949521970165,1.059512571512325,0.32
bf,7,151,1.0283603161831456,1.0121378779945358,1.0517860601873923,0.375
bf,7,184,1.02620757067383,1.0083407791278614,1.047700318563645,0.415
bf,7,225,1.0226673078780848,1.0065407326100282,1.0419709990793442,0.475
bf,7,275,1.0193964252368484,1.0060117593232953,1.0373066033509097,0.515
bf,7,336,1.0159619225923064,1.0053118903096525,1.0318293073869358,0.565
bf,7,411,1.0119259069767663,1.0028697632753667,1.028355586249189,0.635
bf,7,502,1.010330628813498,1.0021951753739429,1.0260748435159435,0.7
bf,7,614,1.0076686219553022,1.000047815868196,1.0205791876770665,0.74
bf,7,750,1.0055138796608805,1.0,1.0175312770190459,0.785
bf,7,917,1.0028449603247287,1.0,1.0136752982042436,0.85
bf,7,1121,1.0010853850729113,1.0,1.0098328301140498,0.885
bf,7,1369,1.0000405079022172,1.0,1.0067297346357689,0.925
bf,7,1674,1.0,1.0,1.0010722430594128,0.97
bf,7,2046,1.0,1.0,1.0,0.995
bf,7,2500,1.0,1.0,1.0,1.0
bf,8,1,2.0875065591595434,1.4415657705124763,3.222506127113644,0.005
bf,8,2,1.5475499937211379,1.238279743895561,2.285268682155187,0.005
bf,8,3,1.395347782415152,1.1786821565698553,1.935521317948521,0.01
bf,8,4,1.2956503608092484,1.1498799760989675,1.6783930916905403,0.015
bf,8,5,1.2583669785717362,1.1334272566770394,1.5214432289372488,0.015
bf,8,6,1.2176726284066217,1.117310006041606,1.407315983201873,0.015
bf,8,7,1.202580871440035,1.1134083776713395,1.3521762713813732,0.025
bf,8,9,1.1772804415573566,1.0919655614147246,1.3030941608898807,0.045
bf,8,11,1.1477462629241955,1.081709835713547,1.2467365126741266,0.06
bf,8,14,1.1208080014294728,1.0702488020283116,1.2047242706440047,0.065
bf,8,17,1.1066534575118392,1.0620763718160053,1.1890469596379618,0.075
bf,8,20,1.0955793030731082,1.055761558658933,1.1585439019874817,0.095
bf,8,25,1.0849820124575589,1.0465065780807263,1.1385016358818842,0.13
bf,8,30,1.0749980487511355,1.0426291252026807,1.1332983747438412,0.14
bf,8,37,1.0686903385104314,1.0380375262299304,1.1154753499343046,0.155
bf,8,45,1.0600941434515465,1.0307140243850992,1.1069163268849969,0.185
bf,8,55,1.0571353229796023,1.0270303393429312,1.0957151257231088,0.2
bf,8,68,1.0485133098157213,1.0216735271281423,1.0835879467511098,0.235
bf,8,83,1.0443933915999548,1.0172399439065634,1.0755379210008693,0.265
bf,8,101,1.03837555447013,1.015185642505056,1.0663902207655036,0.295
bf,8,123,1.0325396949386016,1.0121520862886186,1.0562572009094895,0.345
bf,8,151,1.0286210796330135,1.0083501736589324,1.0505872844175337,0.405
bf,8,184,1.0241436513379014,1.0072764199915782,1.048238398591585,0.455
bf,8,225,1.0193895160370516,1.0060583394227782,1.0419645118119634,0.51
bf,8,275,1.015050880655426,1.0044870496687894,1.0376507543248488,0.575
bf,8,336,1.0122541720313087,1.002443007247855,1.0323239644263482,0.63
bf,8,411,1.0100623481728914,1.002213964488585,1.026307399268487,0.67
bf,8,502,1.0081062917680899,1.000033199936242,1.0198480479452559,0.75
bf,8,614,1.0058345676175944,1.0,1.0154069128887748,0.815
bf,8,750,1.0039566738588763,1.0,1.012585263497091,0.855
bf,8,917,1.002362978246615,1.0,1.010205728926791,0.89
bf,8,1121,1.0008274408707452,1.0,1.0082993969401424,0.92
bf,8,1369,1.0,1.0,1.0058343733385287,0.955
bf,8,1674,1.0,1.0,1.0025653911726673,0.98
bf,8,2046,1.0,1.0,1.0,0.995
bf,8,2500,1.0,1.0,1.0,1.0
bf,9,1,1.85022788106753,1.3867673915332652,2.9678737951737384,0.005
bf,9,2,1.430846944218004,1.2316781088540556,2.067142714612608,0.01
bf,9,3,1.3452733440880045,1.1714527955121021,1.7692147591769516,0.01
bf,9,4,1.2866866148206646,1.1479154697619993,1.6119614184839672,0.01
bf,9,5,1.2408448606612565,1.136099551806685,1.462534348718552,0.01
bf,9,6,1.2147802266959067,1.1213815846405208,1.406961871673199,0.01
bf,9,7,1.202280296157279,1.114490740786786,1.3340257265692697,0.02
bf,9,9,1.1763829805021777,1.0934886860014452,1.293374256223884,0.035
bf,9,11,1.1437779014014882,1.0858424935625648,1.2484521978892422,0.045
bf,9,14,1.1366780318328575,1.0722316680812174,1.221885841300742,0.055
bf,9,17,1.1120204160488014,1.061028412699859,1.1885237589838114,0.065
bf,9,20,1.1012088494830687,1.0562243655423615,1.1685256553882681,0.08
bf,9,25,1.0946118815470036,1.0521190432668392,1.1522856913133275,0.09
bf,9,30,1.0858228945531514,1.0427677322251403,1.1370595675508623,0.095
bf,9,37,1.077368129427572,1.0354380217640977,1.128143157093299,0.115
bf,9,45,1.0669267467652168,1.0298360426664546,1.1133758308949637,0.13
bf,9,55,1.0588363741891496,1.0277395190183438,1.1021201489945778,0.16
bf,9,68,1.0510517322723878,1.0251836551603608,1.0919876319608364,0.18
bf,9,83,1.0456026195846326,1.0218631833404648,1.0806936768119328,0.215
bf,9,101,1.0364403861145859,1.0202623722067239,1.0763409470416274,0.25
bf,9,123,1.032707357786113,1.0171140982605655,1.067486282995545,0.295
bf,9,151,1.0297983300085263,1.011234595959547,1.0555856554886123,0.38
bf,9,184,1.0267267230597215,1.0088814395211867,1.0483451715201673,0.405
bf,9,225,1.0215186274128785,1.00698252126461,1.0421329103859949,0.46
bf,9,275,1.020341246522719,1.0062682005142605,1.0354358928424592,0.485
bf,9,336,1.0168663149100494,1.0035922836120845,1.0327197512973147,0.545
bf,9,411,1.0124529132927447,1.0017155759444456,1.0284166395981642,0.61
bf,9,502,1.0098905247949261,1.0003225717227684,1.0240884150561644,0.66
bf,9,614,1.0079575523208493,1.000070311058186,1.0204126260762245,0.725
bf,9,750,1.004953947118245,1.0,1.0174288310416792,0.77
bf,9,917,1.0021791875524175,1.0,1.0123552573550922,0.84
bf,9,1121,1.0005242436899593,1.0,1.0089664714794133,0.89
bf,9,1369,1.0,1.0,1.0062905178097072,0.91
bf,9,1674,1.0,1.0,1.0010370625784955,0.965
bf,9,2046,1.0,1.0,1.0,0.99
bf,9,2500,1.0,1.0,1.0,1.0
bptt,3,1,1.4984565802408762,1.3091642832460888,1.8571182417336152,0.0
bptt,3,2,1.438742726581085,1.272976237855437,1.7615993027979164,0.0
bptt,3,5,1.2541446736777466,1.2033090397469215,1.368761259147505,0.0
bptt,3,10,1.206304905030787,1.140658507794188,1.2468430085290714,0.01
bptt,3,25,1.137204819544262,1.0901334553357556,1.199940828934653,0.02
bptt,3,50,1.1408814249781312,1.0818585468158293,1.1973523882560662,0.01
bptt,3,75,1.126199419620869,1.078869187283206,1.1956418791862657,0.05
bptt,3,100,1.123930840819218,1.0743935406239358,1.1889367954113605,0.055
bptt,3,125,1.1242617534389114,1.07367667109245,1.1865802412952702,0.05
bptt,3,150,1.1258728621270657,1.0732111397941646,1.1901670367922996,0.05
bptt,1,1,1.5289070912196019,1.324441324831979,1.9087141855653833,0.0
bptt,1,2,1.456425262661777,1.2928116305365565,1.7805773632602513,0.0
bptt,1,5,1.2449768153555185,1.1901244090366243,1.334782304145282,0.0
bptt,1,10,1.1827110715638416,1.1076286270572075,1.233495771387173,0.02
bptt,1,25,1.1203886303992745,1.0635776784405844,1.2097118476753095,0.015
bptt,1,50,1.150637163273231,1.0836692295748747,1.2001986423263045,0.01
bptt,1,75,1.1233205396355421,1.0787612294917386,1.1869619657007158,0.06
bptt,1,100,1.126544481957862,1.079162058322838,1.206560418263729,0.06
bptt,1,125,1.1248869752471604,1.071608388491129,1.1878611343400653,0.05
bptt,1,150,1.1203015494387394,1.0717120710590207,1.1849889874941741,0.05
bptt,0,1,1.5997502263712429,1.3540600424017741,2.0332552667503907,0.0
bptt,0,2,1.5492407696296722,1.3433276988657956,1.9453009454791235,0.0
bptt,0,5,1.3438063853372113,1.2534359739422325,1.5846392591321026,0.0
bptt,0,10,1.222544600098499,1.132058655389482,1.2834238099854325,0.04
bptt,0,25,1.128644792011785,1.070341448999691,1.2095038269212528,0.01
bptt,0,50,1.168303176615184,1.093476292698515,1.2078316973787517,0.01
bptt,0,75,1.1612380912354463,1.0981679448505774,1.204159089096884,0.02
bptt,0,100,1.134311571256234,1.0774322810696217,1.2048504277853747,0.05
bptt,0,125,1.1272300802563238,1.0799561065676453,1.1940981126275225,0.06
bptt,0,150,1.1258271358327752,1.0739088042895775,1.1876012536493281,0.055
bptt,2,1,1.4980065576234205,1.3074443058861427,1.8620268316142317,0.0
bptt,2,2,1.4435764724047666,1.2797850518642462,1.7732121120631903,0.0
bptt,2,5,1.2508361674998842,1.1937178030260758,1.3989606678414241,0.0
bptt,2,10,1.190617393439149,1.1143513497832287,1.242921799501442,0.025
bptt,2,25,1.1327138710466842,1.0781569879662272,1.1946602034686278,0.01
bptt,2,50,1.1652010681853722,1.0949365295878652,1.2053874722189732,0.01
bptt,2,75,1.13947374063657,1.0776796570603207,1.1948445174554285,0.015
bptt,2,100,1.122175951006112,1.0783123808487796,1.1883711075633636,0.04
bptt,2,125,1.1298685469557967,1.080651663880922,1.1996425268486701,0.06
bptt,2,150,1.1281118022096686,1.076893966077814,1.1997253915718833,0.06
bptt,4,1,1.6136550254679463,1.3388890351554883,2.0563731826432883,0.0
bptt,4,2,1.567204671497488,1.3078248264821553,1.972777615373178,0.0
bptt,4,5,1.360704929260722,1.2264104029158807,1.661817326422072,0.0
bptt,4,10,1.2595135566745608,1.1782587516967573,1.3342235381103407,0.0
bptt,4,25,1.1309996404548932,1.0769548828086735,1.2058350973315035,0.01
bptt,4,50,1.1523070039211158,1.0856428430975167,1.2002693493430066,0.01
bptt,4,75,1.1243427710721092,1.077083709425512,1.1913366438485746,0.045
bptt,4,100,1.1188956737374727,1.0733481713547957,1.181658368235945,0.045
bptt,4,125,1.1212393713347844,1.0729434209415476,1.1827206726656572,0.05
bptt,4,150,1.1245983194580083,1.0721405974367402,1.1912236279542312,0.05
bptt,5,1,1.52766277598246,1.3279365410930402,1.8952130919830779,0.0
bptt,5,2,1.4680906295325755,1.3008935186906432,1.7973264745407036,0.0
bptt,5,5,1.2629735750967828,1.2070601720674943,1.4246006160700493,0.0
bptt,5,10,1.217309554006015,1.1490031248784969,1.2700389120754976,0.0
bptt,5,25,1.1363890088108208,1.0812832916244495,1.1995987953656668,0.02
bptt,5,50,1.141322182806834,1.077373292851115,1.1925144794214775,0.01
bptt,5,75,1.1209867680248409,1.0779057202616955,1.1913185463289935,0.06
bptt,5,100,1.1141645948213044,1.0684850916007902,1.176730020723848,0.05
bptt,5,125,1.1258873791757509,1.0723298990718422,1.1931301605394435,0.05
bptt,5,150,1.1252608512262428,1.0723869263341281,1.1877031182606366,0.05
bptt,7,1,1.5692564919365235,1.3437344224175995,1.984907290693276,0.0
bptt,7,2,1.5176878311232422,1.325850153862124,1.8913932755445335,0.0
bptt,7,5,1.308976676921629,1.2454974575116415,1.52275817919744,0.0
bptt,7,10,1.180043458561397,1.1150263829774094,1.2375366995316694,0.03
bptt,7,25,1.1301361312097433,1.0761567391738904,1.2050562965216862,0.01
bptt,7,50,1.1700837764264347,1.089311395808368,1.2056550208821335,0.01
bptt,7,75,1.1505006891656726,1.088472487402126,1.1923373442128269,0.02
bptt,7,100,1.1256496707594144,1.0789856709293828,1.1932903140134865,0.05
bptt,7,125,1.1271623344950181,1.0764587674271584,1.1933198819423385,0.06
bptt,7,150,1.1206664799178612,1.0742678233195915,1.1788538869959093,0.05
bptt,9,1,1.461870874883763,1.3034757170275935,1.8028076150024535,0.0
bptt,9,2,1.4171028734611166,1.277663168660589,1.7213343191080674,0.0
bptt,9,5,1.2538927282874273,1.1904356273345051,1.4090705513266713,0.0
bptt,9,10,1.184568482897023,1.1093719801659776,1.2377272127587362,0.025
bptt,9,25,1.1215337434484893,1.0630939251086704,1.2055707750719884,0.01
bptt,9,50,1.1603768531492828,1.0896161009185532,1.1981942446160438,0.01
bptt,9,75,1.1279870061059647,1.074274289617176,1.190852464030005,0.05
bptt,9,100,1.1252650252354215,1.07709897825721,1.2023474531883092,0.07
bptt,9,125,1.1295653746048606,1.0788870987163899,1.2150413732831575,0.06
bptt,9,150,1.117632595986281,1.0737711322154482,1.17902894523194,0.05
bptt,6,1,1.594107204616015,1.3572866268806552,2.031032781431789,0.0
bptt,6,2,1.5236432060272704,1.3309954546069875,1.9138944602383292,0.0
bptt,6,5,1.335478583581469,1.2514803969139447,1.5590963071267334,0.0
bptt,6,10,1.197247973537681,1.1088033653216058,1.2593539372297347,0.04
bptt,6,25,1.1486143315684227,1.0845917786798078,1.2715640028770945,0.01
bptt,6,50,1.1248726335740205,1.0753532843718692,1.1963787421385703,0.015
bptt,6,75,1.1340595301739698,1.0801030886324268,1.1872318560582271,0.01
bptt,6,100,1.1265721636205281,1.0780126222488617,1.1940512049165544,0.055
bptt,6,125,1.1231363730755413,1.0767343960267817,1.1900139973451145,0.06
bptt,6,150,1.1264552514046424,1.0737286759595182,1.1891617009609456,0.05
bptt,8,1,1.6304678973380624,1.3569880443961664,2.0892097743634124,0.0
bptt,8,2,1.581192309383531,1.3283848388997466,2.0036164738366047,0.0
bptt,8,5,1.3645715761032045,1.2295708992503802,1.6600657909169363,0.0
bptt,8,10,1.2765850964771388,1.1943457997265694,1.373433992032031,0.0
bptt,8,25,1.1401506305306874,1.080577639444138,1.2173673285449231,0.01
bptt,8,50,1.1761207841016112,1.0969424163003854,1.219454331130036,0.01
bptt,8,75,1.137063593976242,1.0755881146273325,1.1927545049938155,0.025
bptt,8,100,1.118517128286684,1.0763276741251344,1.185285535776738,0.045
bptt,8,125,1.1288709578489136,1.075707250643255,1.20218494228968,0.06
bptt,8,150,1.1263273343035296,1.0736573736260506,1.195631067186408,0.05
bo,2,1,1.8688264596113866,1.299904727179017,2.779218187083573,0.005
bo,2,2,1.442993926536306,1.194353624676978,1.9988460259715453,0.005
bo,2,3,1.3104914281346387,1.1704554182192073,1.6453458894261188,0.005
bo,2,4,1.2677844589916707,1.1419263570031577,1.5318211162775395,0.01
bo,2,5,1.2376536818183599,1.1333149547991521,1.429353684633387,0.015
bo,2,6,1.1748554453187223,1.0907715870285912,1.2842457255142121,0.055
bo,2,7,1.121053848128346,1.0579331766905014,1.2303599508977883,0.095
bo,2,8,1.0919092611660777,1.046410038428206,1.1813067770234058,0.145
bo,2,9,1.0760982253766627,1.0283555050999449,1.1524458946277498,0.185
bo,2,10,1.0625448702355906,1.0211390767145805,1.1240129332258895,0.24
bo,2,11,1.0514593421331109,1.0126670118581385,1.104777785351811,0.295
bo,2,12,1.0456976709836994,1.0111231568831314,1.0940878708746395,0.33
bo,2,13,1.0290694661898767,1.0065405764354012,1.0847289108583928,0.41
bo,2,14,1.0240253730994457,1.0049609653632277,1.0754532232839211,0.465
bo,2,15,1.0190218235787962,1.0039808161737203,1.0677600566646976,0.51
bo,2,16,1.015614435462435,1.0038240771746558,1.066513616815169,0.55
bo,2,17,1.0129349125866978,1.0031403861071655,1.0589442335260082,0.575
bo,2,18,1.0115375329286493,1.0022472817121828,1.052906737852957,0.595
bo,2,19,1.0102812382082553,1.0017400314442526,1.045258172149556,0.615
bo,2,20,1.0090722232364775,1.0014774958685968,1.0440553249178115,0.645
bo,2,21,1.007329669246234,1.00080162936885,1.0325617530339073,0.68
bo,2,22,1.006460169526267,1.0006362578398367,1.0273441716178606,0.705
bo,2,23,1.0051246081635188,1.0003740379522157,1.0247574395260377,0.715
bo,2,24,1.0043335306417625,1.000135903938385,1.0202999232050143,0.745
bo,2,25,1.0039941069328555,1.0001042222144982,1.019603928237778,0.76
bo_distilled,2,25,1.0878175089719333,1.0369056492749755,1.139607420154837,0.155
bo,0,1,2.0046098958881675,1.3844867763144133,3.044246814814452,0.005
bo,0,2,1.473390929666988,1.2553208830834277,2.1250270539857112,0.015
bo,0,3,1.3531068818375116,1.1814264863764399,1.7403805575581124,0.02
bo,0,4,1.2820094996980869,1.1489037173430732,1.5137492028552986,0.02
bo,0,5,1.2519948725373866,1.1338226132617149,1.4529733021395832,0.02
bo,0,6,1.1668707774067002,1.0876660548069799,1.289802638337403,0.05
bo,0,7,1.1245156291077434,1.0676113578251176,1.2221300105028563,0.085
bo,0,8,1.096116507950049,1.0450953455411105,1.1941701004786727,0.09
bo,0,9,1.0823648023935286,1.0349174405777124,1.1430761881606593,0.155
bo,0,10,1.0613206032718998,1.0271378719172208,1.1152659585891753,0.21
bo,0,11,1.0572493047179137,1.017229390540759,1.1046886855309024,0.26
bo,0,12,1.047136987466051,1.0122887030422383,1.103074155438092,0.305
bo,0,13,1.0357920470108464,1.0110101970946228,1.0873613085089222,0.33
bo,0,14,1.0310032181345388,1.009693232406959,1.0826287364552736,0.375
bo,0,15,1.026660569483322,1.0090349877844416,1.0687111373440814,0.42
bo,0,16,1.0217687789343524,1.0061848246397842,1.0617134162662765,0.465
bo,0,17,1.0170425320883458,1.005053487946207,1.0550678673116685,0.51
bo,0,18,1.0154767017813828,1.0046273403649606,1.051288165437501,0.545
bo,0,19,1.0139714236664144,1.004249190462383,1.0442784428200076,0.585
bo,0,20,1.0126945043020217,1.0027911905746325,1.040783342698482,0.605
bo,0,21,1.0094249697346465,1.0017151343411714,1.032999513072345,0.65
bo,0,22,1.0073511499100087,1.0015697605194085,1.0269285617050077,0.675
bo,0,23,1.006811329961708,1.0015697605194085,1.02531370805641,0.705
bo,0,24,1.00594962930323,1.0009671490029655,1.0210029899438648,0.74
bo,0,25,1.0056916573985277,1.0007303579847688,1.018480762346564,0.76
bo_distilled,0,25,1.0568622211709986,1.0299922238043369,1.111588079737933,0.125
bo,3,1,1.83751463046139,1.4035211919958848,2.789420098200446,0.0
bo,3,2,1.441340478572048,1.2169956487412559,1.927999449869559,0.015
bo,3,3,1.30876708210198,1.1838378822508446,1.6474368463820535,0.015
bo,3,4,1.252415339274364,1.1439982583576151,1.4564454350710108,0.015
bo,3,5,1.2362817887739836,1.1207754029963761,1.3949798001438305,0.02
bo,3,6,1.1720624159913917,1.0918606982354095,1.2824945106498657,0.045
bo,3,7,1.1279751925323027,1.0631148478911143,1.2362938142347555,0.07
bo,3,8,1.097694672259804,1.0555268849561186,1.1810844939362617,0.115
bo,3,9,1.0820777428229091,1.0422094854724386,1.1566154090976941,0.16
bo,3,10,1.0671063147495232,1.0313899561654734,1.1367554956532746,0.215
bo,3,11,1.0579745734842287,1.019833325687701,1.109697006151507,0.255
bo,3,12,1.047747142224984,1.0170348640695304,1.0956836796041383,0.315
bo,3,13,1.0395364759168078,1.0146517692477137,1.0837873570761825,0.345
bo,3,14,1.0301826986347749,1.0079102587860056,1.0718765727468704,0.42
bo,3,15,1.0261056761675382,1.0046855780016848,1.0624387384505978,0.465
bo,3,16,1.0231624733519613,1.0041920522737295,1.0582258530714963,0.49
bo,3,17,1.0183274755677036,1.0039306330314095,1.0501618016431282,0.545
bo,3,18,1.0161167727594251,1.0031197271840104,1.0467309946802306,0.57
bo,3,19,1.012186959341053,1.0025697034402443,1.0362898546970194,0.625
bo,3,20,1.0102279051410514,1.0021511633270375,1.0345146489870953,0.635
bo,3,21,1.0079804609183893,1.001993646684928,1.032545766164366,0.665
bo,3,22,1.0073152343938763,1.001194047117823,1.0297173136074584,0.69
bo,3,23,1.00632748992904,1.0009386058998337,1.0224626047608814,0.74
bo,3,24,1.0057299913748212,1.0008096423681538,1.020295528902941,0.75
bo,3,25,1.0048622718779394,1.0006428214880854,1.0172575119266627,0.775
bo_distilled,3,25,1.0644474385984948,1.019600519794459,1.127837170220066,0.255
bo,1,1,1.8605931624604484,1.314236893918317,2.725181675555246,0.005
bo,1,2,1.4476080802237916,1.2129093848939017,2.0821946431283123,0.005
bo,1,3,1.3130417399314007,1.1662658474943042,1.7736942811182115,0.01
bo,1,4,1.264336596861697,1.1482534018521622,1.5488257131505647,0.01
bo,1,5,1.2209104517625047,1.1330302972000117,1.4993640558324441,0.01
bo,1,6,1.1821862523256468,1.0799701408240585,1.3322488856449368,0.04
bo,1,7,1.1401950070516595,1.0616529343285241,1.2337832454146114,0.065
bo,1,8,1.0999496415022136,1.0435858326861371,1.1946453828620935,0.095
bo,1,9,1.0815525511581097,1.0332554832040926,1.1558872036962087,0.145
bo,1,10,1.0704096995506598,1.0247713713126632,1.1407771279290262,0.205
bo,1,11,1.0485853408879862,1.0176522738942486,1.1160715734818867,0.275
bo,1,12,1.0365732749040077,1.016556481754327,1.1006559585715652,0.315
bo,1,13,1.0323460583494124,1.0149979329570198,1.0920523056363831,0.36
bo,1,14,1.027851004575092,1.0103444208553343,1.0795295741025863,0.415
bo,1,15,1.0224668326515591,1.0075485450993034,1.0692504298377457,0.47
bo,1,16,1.0212950632337043,1.0065912915383028,1.0597538407689169,0.495
bo,1,17,1.0168692899153484,1.0053805538009932,1.0449631528142498,0.535
bo,1,18,1.0147851714382323,1.0036564835556152,1.0362512691124854,0.575
bo,1,19,1.0142283853402718,1.0033730647827277,1.032941179112901,0.595
bo,1,20,1.0110246804376755,1.002978575583592,1.0294952217990758,0.67
bo,1,21,1.010032100526992,1.0024353851165841,1.0230705498240975,0.695
bo,1,22,1.0076570384246155,1.0017056933335913,1.0217412170202633,0.735
bo,1,23,1.005275241874322,1.000863595651417,1.019150658283503,0.76
bo,1,24,1.0041676092205138,1.0005086019476488,1.0159239806370848,0.785
bo,1,25,1.0030166387867019,1.0002345694054906,1.0146999461068935,0.8
bo_distilled,1,25,1.0589378103570017,1.0218882657988768,1.0985208255418544,0.235
bo,4,1,1.9183754139042564,1.4058639416502927,2.9954858460142804,0.0
bo,4,2,1.454411234504212,1.217228657928084,2.09538587020574,0.0
bo,4,3,1.3256316389040337,1.1607798940432708,1.690476383155231,0.005
bo,4,4,1.2890627497615452,1.141141693253013,1.4666011194981663,0.005
bo,4,5,1.222255586856832,1.1206602738681781,1.3886401153761476,0.01
bo,4,6,1.1506167344482683,1.0829106717569494,1.2733609594469435,0.03
bo,4,7,1.1227540724842089,1.0661821654638493,1.2251798800743146,0.06
bo,4,8,1.0913562670759718,1.045300144413086,1.1669018025772204,0.115
bo,4,9,1.0773208854972895,1.035958715235917,1.1442372622229948,0.155
bo,4,10,1.0661264444202692,1.0314573303249746,1.1303633956562549,0.17
bo,4,11,1.051562491680469,1.0254820007387884,1.1044936277837782,0.22
bo,4,12,1.0449709217013825,1.0173182038591337,1.0889697646236602,0.265
bo,4,13,1.0380776167397694,1.0131849643050226,1.079260895414139,0.325
bo,4,14,1.034597868304904,1.0093575817898397,1.074982936836179,0.37
bo,4,15,1.0286756954114533,1.0073208575955002,1.0685550874204102,0.43
bo,4,16,1.0242991549752176,1.005562057312144,1.0649073002338545,0.46
bo,4,17,1.0198679281774816,1.0043668514783675,1.0575048157089681,0.505
bo,4,18,1.0153072969334744,1.0027762665715003,1.0408202332454775,0.585
bo,4,19,1.0121600315972312,1.001666662848731,1.0373466395118431,0.625
bo,4,20,1.0107681488716207,1.001600418642374,1.0310463896066413,0.665
bo,4,21,1.0088924946446234,1.001218474963284,1.0281263079846075,0.695
bo,4,22,1.0073773242258879,1.000715675490583,1.0242616806606903,0.72
bo,4,23,1.00563297303633,1.0006853656144103,1.0193092346918924,0.76
bo,4,24,1.0053098758171273,1.0003544616395112,1.016010430976295,0.775
bo,4,25,1.00400818636085,1.000098714683653,1.016010430976295,0.78
bo_distilled,4,25,1.0603528232958683,1.0213068404229104,1.1379879423472623,0.22
bo,7,1,1.940270230321072,1.3838467264471024,2.980567643061308,0.005
bo,7,2,1.5352813977961404,1.2327086912300542,2.143608537613092,0.005
bo,7,3,1.386526745459824,1.1892946647672291,1.8001980961166473,0.005
bo,7,4,1.2791364338142968,1.145732270616548,1.632066828593923,0.01
bo,7,5,1.2265835112807146,1.1264463802394513,1.530850230925413,0.01
bo,7,6,1.162576436860343,1.089578404680557,1.3216859315205183,0.04
bo,7,7,1.1394278189307192,1.067922003003798,1.223098676177676,0.07
bo,7,8,1.1051326825278174,1.055792969516368,1.187129878171023,0.11
bo,7,9,1.075588079796006,1.0309382851207851,1.1516752805247394,0.18
bo,7,10,1.0633176939441695,1.024175407848816,1.1246084744732938,0.23
bo,7,11,1.053538728214533,1.0171157359055916,1.1071523530307377,0.265
bo,7,12,1.0439201821014041,1.0146790709166933,1.0942879972422714,0.315
bo,7,13,1.0325258841243978,1.0126383111725883,1.080840626844855,0.36
bo,7,14,1.0275376473845914,1.0096792464181215,1.0685536330091963,0.405
bo,7,15,1.0218960626562579,1.004784892888305,1.056058297183188,0.475
bo,7,16,1.0189373783289999,1.003907150966926,1.0508520901002911,0.51
bo,7,17,1.016093963264186,1.0035936411694206,1.0428713154063591,0.535
bo,7,18,1.01445563167541,1.003100134097554,1.0349910218526026,0.62
bo,7,19,1.0110861834076474,1.0029473462223368,1.0324885201522036,0.68
bo,7,20,1.0072004230658718,1.0024175693397672,1.025095837231191,0.71
bo,7,21,1.006579988012564,1.0015491102843581,1.0237409644268225,0.725
bo,7,22,1.006452559853699,1.0014024185568506,1.0212918842013623,0.735
bo,7,23,1.005459613205011,1.0012269655150194,1.0175637881156137,0.76
bo,7,24,1.0048741087484019,1.0007622631861084,1.0160307757332858,0.79
bo,7,25,1.004151055703036,1.0005885070874494,1.014695782521737,0.815
bo_distilled,7,25,1.0561994996954973,1.0237186280574666,1.1073834806341103,0.235
bo,5,1,1.843402583210728,1.4149882079082003,2.691879686623504,0.005
bo,5,2,1.4628976422517006,1.2230794434239183,2.0694042027245603,0.005
bo,5,3,1.336022242276897,1.1956082540902702,1.7331118919143667,0.005
bo,5,4,1.270799087462421,1.1605119871719403,1.499453541038049,0.01
bo,5,5,1.250459186538522,1.1470678810508248,1.4649191773011114,0.015
bo,5,6,1.1864371255841246,1.09487688599927,1.3313247623993623,0.06
bo,5,7,1.1453669740053054,1.0686853548943072,1.2632899966245592,0.075
bo,5,8,1.1101612753121712,1.0498703583622488,1.210961988899329,0.105
bo,5,9,1.091078323736449,1.0381677812323016,1.1591434593806276,0.14
bo,5,10,1.0683872550459235,1.0254096890153641,1.1224416188225947,0.195
bo,5,11,1.0549882432744369,1.0235223244027667,1.110680784201109,0.23
bo,5,12,1.050653736127416,1.0170243870075828,1.101325510684781,0.265
bo,5,13,1.0362710447484242,1.014513565021202,1.082178750834474,0.3
bo,5,14,1.0314887659599064,1.009290719613047,1.0752478582356297,0.355
bo,5,15,1.0295617347066646,1.0083703261729569,1.0709499431926892,0.4
bo,5,16,1.0242357164391112,1.0063567482085245,1.0636004136535264,0.465
bo,5,17,1.0188456345434105,1.0051960941155116,1.0485037997688893,0.515
bo,5,18,1.0161559313903128,1.0048175940704502,1.0381831848259593,0.55
bo,5,19,1.0131345025437613,1.0034276390394217,1.0351286942006626,0.585
bo,5,20,1.0118429419880415,1.0024703559841515,1.0280468667142895,0.63
bo,5,21,1.0098518451591973,1.0017066603344957,1.0267468724474897,0.665
bo,5,22,1.006918687925944,1.0008197408540322,1.0239192089076166,0.695
bo,5,23,1.006510334201817,1.0008111453187105,1.02184963625259,0.71
bo,5,24,1.0052414489148167,1.0006375354547876,1.0208525109896012,0.735
bo,5,25,1.0046990374552118,1.0005397114864343,1.0205143317022545,0.745
bo_distilled,5,25,1.0713707962415464,1.025771781839543,1.1288058393815064,0.18
bo,6,1,1.8249462159258596,1.378582866818743,2.858187803023378,0.0
bo,6,2,1.4483257953365722,1.2158568718719176,1.9465912297596162,0.005
bo,6,3,1.3145932478013793,1.1707744127120305,1.6180425321178926,0.005
bo,6,4,1.2571522587587813,1.1402906357726212,1.5337170840981385,0.01
bo,6,5,1.2308376738544622,1.1317745504398125,1.4959048564913773,0.015
bo,6,6,1.1844065990403243,1.0916315889131682,1.3328522453204157,0.035
bo,6,7,1.130394718998319,1.063061601145643,1.216137904835488,0.095
bo,6,8,1.1049653421089602,1.0456425653190704,1.1757979806250662,0.13
bo,6,9,1.079104848335631,1.034774894681379,1.1512302675691053,0.19
bo,6,10,1.06956035738853,1.0268798672123078,1.1344217562257355,0.225
bo,6,11,1.0568010541124178,1.0142593920216807,1.1048791995431477,0.3
bo,6,12,1.0436410908914833,1.011168031387981,1.0930523140294524,0.36
bo,6,13,1.035441999485451,1.0089393994080926,1.0850231327414315,0.405
bo,6,14,1.026734772471436,1.0063696327018026,1.0773482722921592,0.45
bo,6,15,1.0237039256302123,1.00609176002003,1.073279336199354,0.485
bo,6,16,1.0165611624820154,1.0047196294205165,1.063043609245472,0.53
bo,6,17,1.014038377458846,1.0039301755961791,1.0538684438579615,0.565
bo,6,18,1.0111236355244324,1.0033554062636327,1.0503920440808925,0.595
bo,6,19,1.0107729991714822,1.0027735315870376,1.0451782770043607,0.61
bo,6,20,1.0089994668491555,1.0024106682721765,1.0375869782049867,0.64
bo,6,21,1.0076899537145967,1.0018484701055883,1.0233484185954356,0.695
bo,6,22,1.0069351027846611,1.0018484701055883,1.021608958476676,0.715
bo,6,23,1.0050687855417797,1.0006283929881408,1.0199417542205187,0.75
bo,6,24,1.0041146794631688,1.0005961389574938,1.0175714110857672,0.775
bo,6,25,1.0029989492082043,1.0004189638984367,1.0138766864804933,0.805
bo_distilled,6,25,1.073314621659938,1.0333132572478045,1.125466883660612,0.11
bo,8,1,2.0114807521390197,1.4572581382439893,2.7776259234513363,0.005
bo,8,2,1.4615581900454626,1.2376071792713397,1.9809925364293224,0.015
bo,8,3,1.3319953951402768,1.192315816706274,1.6619950234904224,0.015
bo,8,4,1.2752359108690379,1.1552469531244491,1.516658245612124,0.015
bo,8,5,1.2300999268922501,1.1366579359865279,1.4306745146820063,0.015
bo,8,6,1.1787110766562865,1.0866589133376758,1.2868663329364671,0.03
bo,8,7,1.1273833812736012,1.0636305318277832,1.2151220569575698,0.045
bo,8,8,1.099562097601485,1.0539926402484308,1.178804576138263,0.08
bo,8,9,1.0798319231708915,1.0377908004229919,1.1448203152021101,0.135
bo,8,10,1.0681843589188134,1.0267477931380953,1.1215199626067363,0.195
bo,8,11,1.0520112886255877,1.0151971260807304,1.1139923040129347,0.295
bo,8,12,1.0427753509327689,1.010075681735112,1.0987397012006608,0.355
bo,8,13,1.0377667964227413,1.0071036670055256,1.0864850549469554,0.375
bo,8,14,1.02748269651477,1.0054130588408055,1.0781955576227775,0.44
bo,8,15,1.0261657029555318,1.0040585930073436,1.0725479879145046,0.47
bo,8,16,1.0211701248721403,1.0037971132696333,1.0618727360712943,0.495
bo,8,17,1.0165060423831254,1.0035859842988302,1.056308459068405,0.525
bo,8,18,1.0153125078788814,1.0031441049361787,1.0530443095286661,0.57
bo,8,19,1.0126378228759498,1.0029737257320297,1.0517135573331835,0.595
bo,8,20,1.0109816544352541,1.0028580107346876,1.0440921616879848,0.62
bo,8,21,1.0102925267966103,1.0026477069300996,1.0375852456076724,0.655
bo,8,22,1.0089507199161618,1.0015763313125672,1.0338541328296753,0.685
bo,8,23,1.0064845197883856,1.0011509285726639,1.0248402626187298,0.715
bo,8,24,1.0042553602236708,1.0003335603511185,1.0206032388328143,0.745
bo,8,25,1.0036665639598907,1.000172158915562,1.0177124328281295,0.76
bo_distilled,8,25,1.0531446665414146,1.023948487516359,1.1230010454975277,0.215
bo,9,1,1.889947563158186,1.3567343864090975,2.8755720834392946,0.01
bo,9,2,1.4615487393950066,1.2417655084827608,2.2023793201836046,0.01
bo,9,3,1.3501942662878044,1.1796180885029903,1.888064223818783,0.01
bo,9,4,1.2851461679114802,1.1597595112300505,1.6427209842717851,0.02
bo,9,5,1.2443212616975563,1.1348444472900343,1.4927329670301517,0.02
bo,9,6,1.1793106823815966,1.0870084012162455,1.334883841713808,0.05
bo,9,7,1.1446378482029074,1.0618879824760679,1.2518751413552762,0.075
bo,9,8,1.1141146675164366,1.0453687884073641,1.1917608280848975,0.125
bo,9,9,1.0751374680676764,1.0303143179467815,1.1665793144504972,0.19
bo,9,10,1.0582889758935052,1.018808342291128,1.1253381654577197,0.265
bo,9,11,1.0544298265384038,1.0118283519085152,1.1035491020132804,0.33
bo,9,12,1.0423913738498147,1.01055966649604,1.091214316315115,0.355
bo,9,13,1.0319160509702652,1.0090332954994174,1.079620300207075,0.395
bo,9,14,1.0294760045680549,1.006947758926527,1.0741440881980973,0.44
bo,9,15,1.023796266162644,1.0058060523053578,1.0690664189399055,0.48
bo,9,16,1.0170250997437766,1.0050998517126408,1.0636623589312657,0.525
bo,9,17,1.013414265143648,1.003873820467489,1.0580708507021024,0.55
bo,9,18,1.0115382596854294,1.0031156392141607,1.0539831007032654,0.57
bo,9,19,1.0099022624202703,1.0023817910429709,1.0454744831249818,0.595
bo,9,20,1.0094367597728544,1.0019262390448316,1.0434354804904369,0.625
bo,9,21,1.0085548865757195,1.0017229607958418,1.038341949136198,0.655
bo,9,22,1.0082250338609726,1.0014842045197667,1.0363276154592418,0.67
bo,9,23,1.0066504415099917,1.0009791963202197,1.0298733499849357,0.7
bo,9,24,1.0053220374075507,1.0006774972078303,1.0273860575794638,0.71
bo,9,25,1.0037735989305756,1.0002952036421497,1.0183999896086566,0.755
bo_distilled,9,25,1.070945985781015,1.0222882634063932,1.1494105149595555,0.235
