cell,variant,metric,baseline,n_pairs,median_ours,median_baseline,median_paired_diff,p_raw,p_holm,significant_05
heldout30,clean,e_total_Cl1m,ours_dr,30,288.365,725.9549999999999,-456.96500000000003,1.862645149230957e-09,1.4901161193847656e-08,1
heldout30,clean,e_total_Cl1m,pnn_bf,30,288.365,632.78,-349.185,3.5390257835388184e-08,7.078051567077637e-08,1
heldout30,clean,e_total_Cl1m,lyap1,30,288.365,445.03,-164.04500000000002,0.001038169488310814,0.001038169488310814,1
heldout30,clean,e_total_Cl1m,lyap2,30,288.365,1016.44,-743.555,1.862645149230957e-09,1.4901161193847656e-08,1
heldout30,clean,e_total_Cl1m,pid_table3,30,288.365,2428.76,-2182.3500000000004,1.862645149230957e-09,1.4901161193847656e-08,1
heldout30,clean,e_total_Cl1m,pid_tuned,30,288.365,21421.65,-20984.29,1.862645149230957e-09,1.4901161193847656e-08,1
heldout30,clean,e_total_Cl1m,nmpc,30,288.365,136.64,149.87,1.862645149230957e-09,1.4901161193847656e-08,1
heldout30,clean,e_total_Cl1m,sac,30,288.365,2869.5699999999997,-2607.085,1.862645149230957e-09,1.4901161193847656e-08,1
heldout30,clean,cross_track_rmse_m,ours_dr,30,0.147055,0.086105,0.06136499999999999,1.862645149230957e-09,1.4901161193847656e-08,1
heldout30,clean,cross_track_rmse_m,pnn_bf,30,0.147055,0.085215,0.0619,1.862645149230957e-09,1.4901161193847656e-08,1
heldout30,clean,cross_track_rmse_m,lyap1,30,0.147055,0.11237,0.03718,1.862645149230957e-09,1.4901161193847656e-08,1
heldout30,clean,cross_track_rmse_m,lyap2,30,0.147055,0.07048,0.07685499999999998,1.7333066441991056e-06,5.1999199325973165e-06,1
heldout30,clean,cross_track_rmse_m,pid_table3,30,0.147055,0.155145,-0.0035300000000000054,0.0635564886033535,0.0635564886033535,0
heldout30,clean,cross_track_rmse_m,pid_tuned,30,0.147055,15.9185,-15.777639999999998,1.862645149230957e-08,7.450580596923828e-08,1
heldout30,clean,cross_track_rmse_m,nmpc,30,0.147055,0.006954999999999999,0.140085,1.862645149230957e-09,1.4901161193847656e-08,1
heldout30,clean,cross_track_rmse_m,sac,30,0.147055,0.091505,0.07652999999999999,4.4075772166252136e-05,8.815154433250427e-05,1
heldout30,clean,e_th,ours_dr,30,12.66,68.32499999999999,-55.995000000000005,1.862645149230957e-09,1.4901161193847656e-08,1
heldout30,clean,e_th,pnn_bf,30,12.66,96.14,-85.22999999999999,1.862645149230957e-09,1.4901161193847656e-08,1
heldout30,clean,e_th,lyap1,30,12.66,97.725,-87.89500000000001,1.862645149230957e-09,1.4901161193847656e-08,1
heldout30,clean,e_th,lyap2,30,12.66,61.0,-48.86999999999999,1.862645149230957e-09,1.4901161193847656e-08,1
heldout30,clean,e_th,pid_table3,30,12.66,329.7,-316.395,1.862645149230957e-09,1.4901161193847656e-08,1
heldout30,clean,e_th,pid_tuned,30,12.66,680.15,-662.5999999999999,1.862645149230957e-09,1.4901161193847656e-08,1
heldout30,clean,e_th,nmpc,30,12.66,0.0,12.66,1.862645149230957e-09,1.4901161193847656e-08,1
heldout30,clean,e_th,sac,30,12.66,598.98,-578.965,3.725290298461914e-09,1.4901161193847656e-08,1
heldout30,clean,e_time,ours_dr,30,44.075,256.49,-208.81,1.862645149230957e-09,1.4901161193847656e-08,1
heldout30,clean,e_time,pnn_bf,30,44.075,164.38,-132.15,5.144625902175903e-06,1.0289251804351807e-05,1
heldout30,clean,e_time,lyap1,30,44.075,54.394999999999996,-10.32,0.5158484429121017,0.5158484429121017,0
heldout30,clean,e_time,lyap2,30,44.075,414.745,-369.78499999999997,1.862645149230957e-09,1.4901161193847656e-08,1
heldout30,clean,e_time,pid_table3,30,44.075,826.54,-766.645,1.862645149230957e-09,1.4901161193847656e-08,1
heldout30,clean,e_time,pid_tuned,30,44.075,999.355,-952.4649999999999,1.862645149230957e-09,1.4901161193847656e-08,1
heldout30,clean,e_time,nmpc,30,44.075,66.35,-21.915,1.862645149230957e-08,5.587935447692871e-08,1
heldout30,clean,e_time,sac,30,44.075,794.8050000000001,-751.1,1.862645149230957e-09,1.4901161193847656e-08,1
heldout30,clean,energy_J,ours_dr,30,3.1931000000000003,1.7761,1.41285,1.862645149230957e-09,1.30385160446167e-08,1
heldout30,clean,energy_J,pnn_bf,30,3.1931000000000003,1.80925,1.38285,1.862645149230957e-09,1.30385160446167e-08,1
heldout30,clean,energy_J,lyap1,30,3.1931000000000003,2.3556999999999997,0.82545,1.862645149230957e-09,1.30385160446167e-08,1
heldout30,clean,energy_J,lyap2,30,3.1931000000000003,1.3869500000000001,1.7920500000000001,1.862645149230957e-09,1.30385160446167e-08,1
heldout30,clean,energy_J,pid_table3,30,3.1931000000000003,5.02425,-1.8270499999999998,1.862645149230957e-09,1.30385160446167e-08,1
heldout30,clean,energy_J,pid_tuned,30,3.1931000000000003,163.4348,-160.593,1.862645149230957e-09,1.30385160446167e-08,1
heldout30,clean,energy_J,nmpc,30,3.1931000000000003,5.3741,-2.2067,1.862645149230957e-09,1.30385160446167e-08,1
heldout30,clean,peak_V,ours_dr,30,8.8275,6.856,1.9735000000000005,1.862645149230957e-09,1.30385160446167e-08,1
heldout30,clean,peak_V,pnn_bf,30,8.8275,6.297499999999999,2.571,1.7333066441991056e-06,1.7333066441991056e-06,1
heldout30,clean,peak_V,lyap1,30,8.8275,7.2669999999999995,1.5370000000000004,1.862645149230957e-09,1.30385160446167e-08,1
heldout30,clean,peak_V,lyap2,30,8.8275,6.0985,2.8005,1.862645149230957e-09,1.30385160446167e-08,1
heldout30,clean,peak_V,pid_table3,30,8.8275,7.741,0.9429999999999996,1.862645149230957e-09,1.30385160446167e-08,1
heldout30,clean,peak_V,pid_tuned,30,8.8275,12.0,-3.0564999999999998,1.862645149230957e-09,1.30385160446167e-08,1
heldout30,clean,peak_V,nmpc,30,8.8275,12.0,-3.1724999999999994,1.862645149230957e-09,1.30385160446167e-08,1
heldout30,clean,t_end_s,ours_dr,30,3.71,6.808,-3.093,1.862645149230957e-09,1.4901161193847656e-08,1
heldout30,clean,t_end_s,pnn_bf,30,3.71,6.0175,-2.3129999999999997,1.862645149230957e-09,1.4901161193847656e-08,1
heldout30,clean,t_end_s,lyap1,30,3.71,4.6955,-0.9904999999999999,1.7333066441991056e-06,8.66108116572057e-06,1
heldout30,clean,t_end_s,lyap2,30,3.71,8.599,-4.857,1.862645149230957e-09,1.4901161193847656e-08,1
heldout30,clean,t_end_s,pid_table3,30,3.71,16.282,-12.6235,1.732216233144114e-06,8.66108116572057e-06,1
heldout30,clean,t_end_s,pid_tuned,30,3.71,45.0,-41.2685,2.351977194551935e-06,8.66108116572057e-06,1
heldout30,clean,t_end_s,nmpc,30,3.71,3.5,0.22250000000000014,2.8768627254590153e-06,8.66108116572057e-06,1
heldout30,clean,t_end_s,sac,30,3.71,15.01,-11.3,1.732216233144114e-06,8.66108116572057e-06,1
heldout30,noisy_all,e_total_Cl1m,ours_dr,900,288.1,725.5350000000001,-457.47,6.772493281996221e-149,4.740712363666892e-148,1
heldout30,noisy_all,e_total_Cl1m,pnn_bf,900,288.1,632.26,-349.055,2.018089617383265e-140,4.03617923476653e-140,1
heldout30,noisy_all,e_total_Cl1m,lyap1,900,288.1,444.62,-164.615,1.7604261938229423e-67,1.7604261938229423e-67,1
heldout30,noisy_all,e_total_Cl1m,lyap2,900,288.1,1016.085,-743.36,6.772512101362909e-149,4.740712363666892e-148,1
heldout30,noisy_all,e_total_Cl1m,pid_table3,900,288.1,2413.09,-2166.965,6.772573264660211e-149,4.740712363666892e-148,1
heldout30,noisy_all,e_total_Cl1m,pid_tuned,900,288.1,23139.870000000003,-22646.895000000004,6.772573264660211e-149,4.740712363666892e-148,1
heldout30,noisy_all,e_total_Cl1m,sac,900,288.1,2869.5699999999997,-2606.9700000000003,6.772446233809845e-149,4.740712363666892e-148,1
heldout30,noisy_all,cross_track_rmse_m,ours_dr,900,0.14709,0.08609,0.06135000000000001,6.768589387973778e-149,4.7365842758376104e-148,1
heldout30,noisy_all,cross_track_rmse_m,pnn_bf,900,0.14709,0.0852,0.061909999999999986,6.769322961156724e-149,4.7365842758376104e-148,1
heldout30,noisy_all,cross_track_rmse_m,lyap1,900,0.14709,0.11237,0.03717999999999999,6.7665489654823005e-149,4.7365842758376104e-148,1
heldout30,noisy_all,cross_track_rmse_m,lyap2,900,0.14709,0.07045,0.076875,6.769722697756305e-149,4.7365842758376104e-148,1
heldout30,noisy_all,cross_track_rmse_m,pid_table3,900,0.14709,0.15514,-0.0035249999999999865,4.828803418318167e-25,4.828803418318167e-25,1
heldout30,noisy_all,cross_track_rmse_m,pid_tuned,900,0.14709,16.145935,-15.999065,1.2293174888880894e-146,3.6879524666642682e-146,1
heldout30,noisy_all,cross_track_rmse_m,sac,900,0.14709,0.091505,0.07656000000000002,1.8632288446162953e-96,3.7264576892325906e-96,1
heldout30,noisy_all,e_th,ours_dr,900,12.61,67.67500000000001,-56.400000000000006,6.772319205329828e-149,4.740527938978806e-148,1
heldout30,noisy_all,e_th,pnn_bf,900,12.61,95.875,-85.25,6.772182769969723e-149,4.740527938978806e-148,1
heldout30,noisy_all,e_th,lyap1,900,12.61,97.61,-88.495,6.772262748987385e-149,4.740527938978806e-148,1
heldout30,noisy_all,e_th,lyap2,900,12.61,60.545,-49.185,6.772253339642031e-149,4.740527938978806e-148,1
heldout30,noisy_all,e_th,pid_table3,900,12.61,313.93,-306.47,6.932570403303973e-149,4.740527938978806e-148,1
heldout30,noisy_all,e_th,pid_tuned,900,12.61,651.9000000000001,-636.355,6.795169200068767e-149,4.740527938978806e-148,1
heldout30,noisy_all,e_th,sac,900,12.61,598.98,-579.0500000000001,3.1896537968639276e-148,4.740527938978806e-148,1
heldout30,noisy_all,e_time,ours_dr,900,44.1,256.58000000000004,-208.76,6.768189717898135e-149,4.708232370099178e-148,1
heldout30,noisy_all,e_time,pnn_bf,900,44.1,164.425,-132.155,1.558475861950839e-113,3.116951723901678e-113,1
heldout30,noisy_all,e_time,lyap1,900,44.1,54.42,-10.27,8.256593970422533e-05,8.256593970422533e-05,1
heldout30,noisy_all,e_time,lyap2,900,44.1,414.745,-369.86,6.7704187657184655e-149,4.708232370099178e-148,1
heldout30,noisy_all,e_time,pid_table3,900,44.1,826.545,-766.4000000000001,6.771260726761937e-149,4.708232370099178e-148,1
heldout30,noisy_all,e_time,pid_tuned,900,44.1,999.36,-953.13,6.807048758040102e-149,4.708232370099178e-148,1
heldout30,noisy_all,e_time,sac,900,44.1,794.8050000000001,-751.1000000000001,6.726046242998826e-149,4.708232370099178e-148,1
heldout30,noisy_all,energy_J,ours_dr,900,3.1929,1.7759999999999998,1.4129,6.770630422109307e-149,4.061901341285685e-148,1
heldout30,noisy_all,energy_J,pnn_bf,900,3.1929,1.80905,1.383,6.771053754623311e-149,4.061901341285685e-148,1
heldout30,noisy_all,energy_J,lyap1,900,3.1929,2.3552999999999997,0.8255499999999998,6.769835568809476e-149,4.061901341285685e-148,1
heldout30,noisy_all,energy_J,lyap2,900,3.1929,1.38685,1.7918500000000002,6.770738604581455e-149,4.061901341285685e-148,1
heldout30,noisy_all,energy_J,pid_table3,900,3.1929,5.02445,-1.826,6.771853454497159e-149,4.061901341285685e-148,1
heldout30,noisy_all,energy_J,pid_tuned,900,3.1929,163.3171,-160.49284999999998,6.772239225648507e-149,4.061901341285685e-148,1
heldout30,noisy_all,peak_V,ours_dr,900,8.828,6.856,1.9719999999999995,6.757736106420417e-149,4.043412539259492e-148,1
heldout30,noisy_all,peak_V,pnn_bf,900,8.828,6.2955000000000005,2.5725000000000007,6.754718120683515e-149,4.043412539259492e-148,1
heldout30,noisy_all,peak_V,lyap1,900,8.828,7.2669999999999995,1.5390000000000006,6.755262479379988e-149,4.043412539259492e-148,1
heldout30,noisy_all,peak_V,lyap2,900,8.828,6.099,2.801,6.759426388239748e-149,4.043412539259492e-148,1
heldout30,noisy_all,peak_V,pid_table3,900,8.828,7.741,0.9414999999999996,6.73902089876582e-149,4.043412539259492e-148,1
heldout30,noisy_all,peak_V,pid_tuned,900,8.828,12.0,-3.0575,6.741619750722964e-149,4.043412539259492e-148,1
heldout30,noisy_all,t_end_s,ours_dr,900,3.71,6.807,-3.0925,6.7615961990305156e-149,4.62711921337379e-148,1
heldout30,noisy_all,t_end_s,pnn_bf,900,3.71,6.0184999999999995,-2.3135,6.764490357193249e-149,4.62711921337379e-148,1
heldout30,noisy_all,t_end_s,lyap1,900,3.71,4.6965,-0.9909999999999997,6.740317858922588e-149,4.62711921337379e-148,1
heldout30,noisy_all,t_end_s,lyap2,900,3.71,8.6,-4.857000000000001,6.763762003416525e-149,4.62711921337379e-148,1
heldout30,noisy_all,t_end_s,pid_table3,900,3.71,16.2815,-12.625000000000002,6.769699183189418e-149,4.62711921337379e-148,1
heldout30,noisy_all,t_end_s,pid_tuned,900,3.71,45.0,-41.273,1.1123772486615247e-146,1.1123772486615247e-146,1
heldout30,noisy_all,t_end_s,sac,900,3.71,15.01,-11.3,6.6101703048197e-149,4.62711921337379e-148,1
anchor4,noisy_all,e_total_Cl1m,ours_dr,120,348.14,633.075,-276.47,1.9719517121524354e-21,1.5774378239808722e-20,1
anchor4,noisy_all,e_total_Cl1m,pnn_bf,120,348.14,282.05,74.245,2.997344486940374e-09,2.997344486940374e-09,1
anchor4,noisy_all,e_total_Cl1m,lyap1,120,348.14,481.615,-126.49499999999998,1.9719517121524354e-21,1.5774378239808722e-20,1
anchor4,noisy_all,e_total_Cl1m,lyap2,120,348.14,975.155,-623.62,1.9717972799760902e-21,1.5774378239808722e-20,1
anchor4,noisy_all,e_total_Cl1m,pid_table3,120,348.14,1489.8600000000001,-1133.5500000000002,1.9719517121524354e-21,1.5774378239808722e-20,1
anchor4,noisy_all,e_total_Cl1m,pid_tuned,120,348.14,241.62,110.57,1.9718744946182847e-21,1.5774378239808722e-20,1
anchor4,noisy_all,e_total_Cl1m,nmpc,40,348.305,92.965,257.3,1.8189894035458565e-12,3.637978807091713e-12,1
anchor4,noisy_all,e_total_Cl1m,sac,120,348.14,2517.08,-2168.94,1.9717972799760902e-21,1.5774378239808722e-20,1
anchor4,noisy_all,cross_track_rmse_m,ours_dr,120,0.028875,0.02077,0.008104999999999998,1.926212704021722e-21,1.5409701632173777e-20,1
anchor4,noisy_all,cross_track_rmse_m,pnn_bf,120,0.028875,0.024475,0.004575000000000001,2.4086788771194387e-06,4.817357754238877e-06,1
anchor4,noisy_all,cross_track_rmse_m,lyap1,120,0.028875,0.02954,0.0029850000000000015,2.4249755021021182e-06,4.817357754238877e-06,1
anchor4,noisy_all,cross_track_rmse_m,lyap2,120,0.028875,0.015005000000000001,0.013885000000000002,1.963244407098316e-21,1.5409701632173777e-20,1
anchor4,noisy_all,cross_track_rmse_m,pid_table3,120,0.028875,0.079845,-0.050284999999999996,1.966476447903332e-21,1.5409701632173777e-20,1
anchor4,noisy_all,cross_track_rmse_m,pid_tuned,120,0.028875,0.024759999999999997,0.004514999999999997,1.959863909248047e-21,1.5409701632173777e-20,1
anchor4,noisy_all,cross_track_rmse_m,nmpc,40,0.028875,0.006115,0.02254,3.568126323893353e-08,1.0704378971680059e-07,1
anchor4,noisy_all,cross_track_rmse_m,sac,120,0.028875,0.12956499999999999,-0.085065,1.951131225562144e-21,1.5409701632173777e-20,1
anchor4,noisy_all,e_th,ours_dr,120,17.145,29.15,-11.544999999999998,6.571294015625283e-12,1.9713882046875848e-11,1
anchor4,noisy_all,e_th,pnn_bf,120,17.145,17.605,-0.5200000000000014,0.7934075932391338,0.7934075932391338,0
anchor4,noisy_all,e_th,lyap1,120,17.145,53.69,-36.78,1.9717972799760902e-21,1.577005486758099e-20,1
anchor4,noisy_all,e_th,lyap2,120,17.145,18.675,-2.855000000000002,4.878905518977294e-06,9.757811037954588e-06,1
anchor4,noisy_all,e_th,pid_table3,120,17.145,303.995,-286.69,1.9715656534004137e-21,1.577005486758099e-20,1
anchor4,noisy_all,e_th,pid_tuned,120,17.145,63.995,-47.21,1.971411250141284e-21,1.577005486758099e-20,1
anchor4,noisy_all,e_th,nmpc,40,17.235,1.31,14.335,1.8189894035458565e-12,7.275957614183426e-12,1
anchor4,noisy_all,e_th,sac,120,17.145,268.525,-251.37999999999997,1.9712568584476237e-21,1.577005486758099e-20,1
anchor4,noisy_all,e_time,ours_dr,120,138.15,277.08,-131.47,1.9509783532790427e-21,1.4869884844363678e-20,1
anchor4,noisy_all,e_time,pnn_bf,120,138.15,107.5,38.205,2.9509608808325615e-09,8.852882642497685e-09,1
anchor4,noisy_all,e_time,lyap1,120,138.15,169.82,-27.35,2.3993120031758716e-06,2.3993120031758716e-06,1
anchor4,noisy_all,e_time,lyap2,120,138.15,462.65,-316.995,1.966861553476071e-21,1.4869884844363678e-20,1
anchor4,noisy_all,e_time,pid_table3,120,138.15,397.46,-252.00499999999997,1.9670156159014434e-21,1.4869884844363678e-20,1
anchor4,noisy_all,e_time,pid_tuned,120,138.15,37.120000000000005,101.11,1.886516117259635e-21,1.4869884844363678e-20,1
anchor4,noisy_all,e_time,nmpc,40,138.195,40.185,99.75999999999999,3.501802157973295e-08,7.00360431594659e-08,1
anchor4,noisy_all,e_time,sac,120,138.15,855.0999999999999,-716.95,1.8587356055454598e-21,1.4869884844363678e-20,1
anchor4,noisy_all,energy_J,ours_dr,120,0.66035,0.5222,0.14679999999999999,1.8481106787958635e-21,1.2799800065939786e-20,1
anchor4,noisy_all,energy_J,pnn_bf,120,0.66035,0.6656500000000001,0.0017999999999999683,0.018401428591590423,0.018401428591590423,1
anchor4,noisy_all,energy_J,lyap1,120,0.66035,0.58735,0.11609999999999998,1.0805399720983604e-16,3.2416199162950813e-16,1
anchor4,noisy_all,energy_J,lyap2,120,0.66035,0.3668,0.29355,1.8285428665628267e-21,1.2799800065939786e-20,1
anchor4,noisy_all,energy_J,pid_table3,120,0.66035,0.46190000000000003,0.2102,1.935217874089338e-21,1.2799800065939786e-20,1
anchor4,noisy_all,energy_J,pid_tuned,120,0.66035,1.0938999999999999,-0.43544999999999995,1.958405870560213e-21,1.2799800065939786e-20,1
anchor4,noisy_all,energy_J,nmpc,40,0.66035,2.77955,-2.12105,1.8189894035458565e-12,3.637978807091713e-12,1
anchor4,noisy_all,peak_V,ours_dr,120,4.8725,4.237,0.5865,1.826460671506628e-21,1.2505387561966086e-20,1
anchor4,noisy_all,peak_V,pnn_bf,120,4.8725,4.817,-0.005999999999999783,1.0,1.0,0
anchor4,noisy_all,peak_V,lyap1,120,4.8725,4.382,0.5554999999999999,1.837760402867875e-21,1.2505387561966086e-20,1
anchor4,noisy_all,peak_V,lyap2,120,4.8725,3.4745,1.3965,1.8645822357727816e-21,1.2505387561966086e-20,1
anchor4,noisy_all,peak_V,pid_table3,120,4.8725,3.674,1.1805,1.7864839374237265e-21,1.2505387561966086e-20,1
anchor4,noisy_all,peak_V,pid_tuned,120,4.8725,5.246,-0.4245000000000001,2.423772341485568e-06,4.847544682971136e-06,1
anchor4,noisy_all,peak_V,nmpc,40,4.873,12.0,-7.127,3.403731405000141e-08,1.0211194215000422e-07,1
anchor4,noisy_all,t_end_s,ours_dr,120,3.641,5.036,-1.389,1.9450252619051146e-21,1.4787788668066118e-20,1
anchor4,noisy_all,t_end_s,pnn_bf,120,3.641,3.2615,0.38649999999999984,2.959993279518808e-09,8.879979838556425e-09,1
anchor4,noisy_all,t_end_s,lyap1,120,3.641,3.9314999999999998,-0.28449999999999975,2.3979286610881126e-06,2.3979286610881126e-06,1
anchor4,noisy_all,t_end_s,lyap2,120,3.641,7.1915,-3.544,1.962168189671585e-21,1.4787788668066118e-20,1
anchor4,noisy_all,t_end_s,pid_table3,120,3.641,6.4205,-2.7749999999999995,1.9641673285160725e-21,1.4787788668066118e-20,1
anchor4,noisy_all,t_end_s,pid_tuned,120,3.641,2.622,1.0210000000000001,1.8721356790617373e-21,1.4787788668066118e-20,1
anchor4,noisy_all,t_end_s,nmpc,40,3.641,2.66,1.004,3.501802157973295e-08,7.00360431594659e-08,1
anchor4,noisy_all,t_end_s,sac,120,3.641,15.01,-11.369,1.8484735835082647e-21,1.4787788668066118e-20,1
