delay_ms,scope,trigger_mode,controller,n,arrival_pct,n_diverged,failed_3x_pct,median_t_end_s,median_e_total_Cl1m,median_cross_track_rmse_m,median_peak_V,median_sup_dv,median_sup_dw,wall_s
0,pose,oracle,ours_bptt,300,100.00,0,26.00,3.6070,395.649,0.016789,4.2460,0.27915,3.49216,8.4
0,pose,oracle,ours_dr,300,100.00,0,37.67,4.6605,576.734,0.013197,3.8660,0.22719,3.43926,11.3
0,pose,oracle,pnn_bf,300,100.00,0,21.67,3.1075,316.617,0.017703,4.3791,0.28356,2.61570,8.2
0,pose,oracle,lyap1,300,100.00,0,24.33,3.6790,434.153,0.019207,3.7654,0.24210,2.13838,7.4
0,pose,oracle,lyap2,300,100.00,0,68.00,6.8725,908.306,0.009147,3.2055,0.16255,2.85488,19.5
0,pose,oracle,pid_table3,300,100.00,0,70.67,5.8905,1129.671,0.054597,3.0960,0.26841,1.05674,20.6
0,pose,measured,ours_bptt,300,100.00,0,26.00,3.6070,395.649,0.016789,4.2460,0.27915,3.49216,6.9
0,pose,measured,ours_dr,300,100.00,0,37.67,4.6605,576.734,0.013197,3.8660,0.22719,3.43926,10.9
0,pose,measured,pnn_bf,300,100.00,0,21.67,3.1075,316.617,0.017703,4.3791,0.28356,2.61570,6.3
0,pose,measured,lyap1,300,100.00,0,24.33,3.6790,434.153,0.019207,3.7654,0.24210,2.13838,9.8
0,pose,measured,lyap2,300,100.00,0,68.00,6.8725,908.306,0.009147,3.2055,0.16255,2.85488,16.2
0,pose,measured,pid_table3,300,100.00,0,70.67,5.8905,1129.671,0.054597,3.0960,0.26841,1.05674,26.3
0,wheels,oracle,ours_bptt,300,100.00,0,26.00,3.6070,395.649,0.016789,4.2460,0.27915,3.49216,7.1
0,wheels,oracle,ours_dr,300,100.00,0,37.67,4.6605,576.734,0.013197,3.8660,0.22719,3.43926,10.3
0,wheels,oracle,pnn_bf,300,100.00,0,21.67,3.1075,316.617,0.017703,4.3791,0.28356,2.61570,6.5
0,wheels,oracle,lyap1,300,100.00,0,24.33,3.6790,434.153,0.019207,3.7654,0.24210,2.13838,11.0
0,wheels,oracle,lyap2,300,100.00,0,68.00,6.8725,908.306,0.009147,3.2055,0.16255,2.85488,9.1
0,wheels,oracle,pid_table3,300,100.00,0,70.67,5.8905,1129.671,0.054597,3.0960,0.26841,1.05674,16.7
0,wheels,measured,ours_bptt,300,100.00,0,26.00,3.6070,395.649,0.016789,4.2460,0.27915,3.49216,5.5
0,wheels,measured,ours_dr,300,100.00,0,37.67,4.6605,576.734,0.013197,3.8660,0.22719,3.43926,9.5
0,wheels,measured,pnn_bf,300,100.00,0,21.67,3.1075,316.617,0.017703,4.3791,0.28356,2.61570,5.3
0,wheels,measured,lyap1,300,100.00,0,24.33,3.6790,434.153,0.019207,3.7654,0.24210,2.13838,5.8
0,wheels,measured,lyap2,300,100.00,0,68.00,6.8725,908.306,0.009147,3.2055,0.16255,2.85488,13.9
0,wheels,measured,pid_table3,300,100.00,0,70.67,5.8905,1129.671,0.054597,3.0960,0.26841,1.05674,12.5
0,all,oracle,ours_bptt,300,100.00,0,26.00,3.6070,395.649,0.016789,4.2460,0.27915,3.49216,4.0
0,all,oracle,ours_dr,300,100.00,0,37.67,4.6605,576.734,0.013197,3.8660,0.22719,3.43926,5.7
0,all,oracle,pnn_bf,300,100.00,0,21.67,3.1075,316.617,0.017703,4.3791,0.28356,2.61570,6.4
0,all,oracle,lyap1,300,100.00,0,24.33,3.6790,434.153,0.019207,3.7654,0.24210,2.13838,4.8
0,all,oracle,lyap2,300,100.00,0,68.00,6.8725,908.306,0.009147,3.2055,0.16255,2.85488,9.2
0,all,oracle,pid_table3,300,100.00,0,70.67,5.8905,1129.671,0.054597,3.0960,0.26841,1.05674,15.3
0,all,measured,ours_bptt,300,100.00,0,26.00,3.6070,395.649,0.016789,4.2460,0.27915,3.49216,5.0
0,all,measured,ours_dr,300,100.00,0,37.67,4.6605,576.734,0.013197,3.8660,0.22719,3.43926,9.5
0,all,measured,pnn_bf,300,100.00,0,21.67,3.1075,316.617,0.017703,4.3791,0.28356,2.61570,6.3
0,all,measured,lyap1,300,100.00,0,24.33,3.6790,434.153,0.019207,3.7654,0.24210,2.13838,6.3
0,all,measured,lyap2,300,100.00,0,68.00,6.8725,908.306,0.009147,3.2055,0.16255,2.85488,14.2
0,all,measured,pid_table3,300,100.00,0,70.67,5.8905,1129.671,0.054597,3.0960,0.26841,1.05674,24.7
10,pose,oracle,ours_bptt,300,100.00,0,24.33,3.5990,409.375,0.017467,4.2656,0.27915,3.49216,8.4
10,pose,oracle,ours_dr,300,100.00,0,37.33,4.6090,576.924,0.013695,3.9086,0.22810,3.43926,11.2
10,pose,oracle,pnn_bf,300,100.00,0,21.00,3.1000,329.285,0.018067,4.4004,0.28356,2.61570,9.7
10,pose,oracle,lyap1,300,100.00,0,24.33,3.6325,439.490,0.019377,3.7690,0.24292,2.13838,10.0
10,pose,oracle,lyap2,300,100.00,0,67.67,6.8300,901.660,0.009320,3.2418,0.16378,2.85488,14.5
10,pose,oracle,pid_table3,300,100.00,0,70.67,5.8950,1165.054,0.054426,3.1064,0.26841,1.05674,19.4
10,pose,measured,ours_bptt,300,100.00,0,24.33,3.6090,409.968,0.017443,4.2656,0.27915,3.49216,9.1
10,pose,measured,ours_dr,300,100.00,0,37.33,4.6190,578.543,0.013680,3.9086,0.22810,3.43926,12.2
10,pose,measured,pnn_bf,300,100.00,0,21.67,3.1100,333.263,0.018042,4.4004,0.28356,2.61570,9.4
10,pose,measured,lyap1,300,100.00,0,24.33,3.6425,441.460,0.019350,3.7690,0.24292,2.13838,9.4
10,pose,measured,lyap2,300,100.00,0,67.67,6.8400,903.256,0.009313,3.2418,0.16378,2.85488,13.7
10,pose,measured,pid_table3,300,100.00,0,70.67,5.9050,1166.558,0.054378,3.1064,0.26841,1.05674,14.8
10,wheels,oracle,ours_bptt,300,100.00,0,26.33,3.6415,387.809,0.016376,4.2827,0.28062,3.49216,7.8
10,wheels,oracle,ours_dr,300,100.00,0,38.33,4.7215,581.079,0.012833,3.9144,0.22982,3.43926,9.8
10,wheels,oracle,pnn_bf,300,100.00,0,21.67,3.1395,322.122,0.017510,4.4178,0.28356,2.61570,7.8
10,wheels,oracle,lyap1,300,100.00,0,25.00,3.7360,429.968,0.018906,3.7907,0.24311,2.13838,7.5
10,wheels,oracle,lyap2,300,100.00,0,68.67,6.9065,913.387,0.008924,3.2483,0.16494,2.85488,15.2
10,wheels,oracle,pid_table3,300,100.00,0,68.33,5.8725,1105.286,0.054649,3.1111,0.26846,1.05883,13.9
10,wheels,measured,ours_bptt,300,100.00,0,26.33,3.6415,387.809,0.016376,4.2827,0.28062,3.49216,5.8
10,wheels,measured,ours_dr,300,100.00,0,38.33,4.7215,581.079,0.012833,3.9144,0.22982,3.43926,6.8
10,wheels,measured,pnn_bf,300,100.00,0,21.67,3.1395,322.122,0.017510,4.4178,0.28356,2.61570,5.5
10,wheels,measured,lyap1,300,100.00,0,25.00,3.7360,429.968,0.018906,3.7907,0.24311,2.13838,5.5
10,wheels,measured,lyap2,300,100.00,0,68.67,6.9065,913.387,0.008924,3.2483,0.16494,2.85488,8.4
10,wheels,measured,pid_table3,300,100.00,0,68.33,5.8725,1105.286,0.054649,3.1111,0.26846,1.05883,7.9
10,all,oracle,ours_bptt,300,100.00,0,25.67,3.6315,390.391,0.016965,4.2999,0.28186,3.49216,6.2
10,all,oracle,ours_dr,300,100.00,0,38.33,4.6745,581.747,0.013350,3.9384,0.22981,3.43926,7.4
10,all,oracle,pnn_bf,300,100.00,0,21.67,3.1260,331.319,0.017930,4.4365,0.28356,2.61570,4.4
10,all,oracle,lyap1,300,100.00,0,24.33,3.6815,433.051,0.019040,3.7931,0.24308,2.13838,2.4
10,all,oracle,lyap2,300,100.00,0,68.00,6.8740,907.702,0.009149,3.2644,0.16509,2.85488,10.9
10,all,oracle,pid_table3,300,100.00,0,70.00,5.8760,1125.005,0.054486,3.1204,0.26846,1.05885,7.3
10,all,measured,ours_bptt,300,100.00,0,26.00,3.6415,390.710,0.016941,4.2999,0.28186,3.49216,2.0
10,all,measured,ours_dr,300,100.00,0,38.33,4.6845,583.117,0.013336,3.9384,0.22981,3.43926,4.8
10,all,measured,pnn_bf,300,100.00,0,21.67,3.1360,334.417,0.017903,4.4365,0.28356,2.61570,4.3
10,all,measured,lyap1,300,100.00,0,24.33,3.6915,434.173,0.019015,3.7931,0.24308,2.13838,4.0
10,all,measured,lyap2,300,100.00,0,68.00,6.8840,909.273,0.009143,3.2644,0.16509,2.85488,12.6
10,all,measured,pid_table3,300,100.00,0,70.00,5.8860,1127.655,0.054438,3.1204,0.26846,1.05885,18.0
20,pose,oracle,ours_bptt,300,100.00,0,23.67,3.5800,421.139,0.018311,4.2837,0.27994,3.49216,5.1
20,pose,oracle,ours_dr,300,100.00,0,37.00,4.5515,578.426,0.014214,3.9238,0.22834,3.43926,10.5
20,pose,oracle,pnn_bf,300,100.00,0,20.67,3.0955,337.826,0.018499,4.4193,0.28356,2.61570,7.1
20,pose,oracle,lyap1,300,100.00,0,24.33,3.5885,446.855,0.019678,3.7743,0.24292,2.13838,6.2
20,pose,oracle,lyap2,300,100.00,0,66.00,6.7960,897.314,0.009943,3.2529,0.16411,2.85488,19.9
20,pose,oracle,pid_table3,300,100.00,0,70.67,5.9055,1192.929,0.054252,3.1157,0.26841,1.05674,27.0
20,pose,measured,ours_bptt,300,100.00,0,23.67,3.6000,424.037,0.018259,4.2837,0.27994,3.49216,6.7
20,pose,measured,ours_dr,300,100.00,0,37.00,4.5715,580.609,0.014184,3.9238,0.22834,3.43926,13.2
20,pose,measured,pnn_bf,300,100.00,0,20.67,3.1155,342.024,0.018443,4.4193,0.28356,2.61570,11.3
20,pose,measured,lyap1,300,100.00,0,24.33,3.6085,450.541,0.019624,3.7743,0.24292,2.13838,12.7
20,pose,measured,lyap2,300,100.00,0,67.00,6.8160,900.546,0.009928,3.2529,0.16411,2.85488,20.2
20,pose,measured,pid_table3,300,100.00,0,70.67,5.9255,1198.373,0.054157,3.1157,0.26841,1.05674,23.9
20,wheels,oracle,ours_bptt,300,100.00,0,27.00,3.6825,393.961,0.015944,4.3195,0.28504,3.49216,10.0
20,wheels,oracle,ours_dr,300,100.00,0,38.67,4.7825,586.212,0.012500,3.9564,0.23050,3.43926,16.0
20,wheels,oracle,pnn_bf,300,100.00,0,21.67,3.1745,333.927,0.017358,4.4566,0.28507,2.61570,11.2
20,wheels,oracle,lyap1,300,100.00,0,25.00,3.7980,430.466,0.018534,3.8160,0.24396,2.13838,9.2
20,wheels,oracle,lyap2,300,100.00,0,69.00,6.9420,919.999,0.008737,3.2778,0.16726,2.85488,18.7
20,wheels,oracle,pid_table3,300,100.00,0,68.67,5.8630,1089.993,0.054700,3.1265,0.26851,1.06087,16.1
20,wheels,measured,ours_bptt,300,100.00,0,27.00,3.6825,393.961,0.015944,4.3195,0.28504,3.49216,6.5
20,wheels,measured,ours_dr,300,100.00,0,38.67,4.7825,586.212,0.012500,3.9564,0.23050,3.43926,8.2
20,wheels,measured,pnn_bf,300,100.00,0,21.67,3.1745,333.927,0.017358,4.4566,0.28507,2.61570,5.5
20,wheels,measured,lyap1,300,100.00,0,25.00,3.7980,430.466,0.018534,3.8160,0.24396,2.13838,6.1
20,wheels,measured,lyap2,300,100.00,0,69.00,6.9420,919.999,0.008737,3.2778,0.16726,2.85488,11.5
20,wheels,measured,pid_table3,300,100.00,0,68.67,5.8630,1089.993,0.054700,3.1265,0.26851,1.06087,8.2
20,all,oracle,ours_bptt,300,100.00,0,25.67,3.6555,385.048,0.017532,4.3565,0.28989,3.49216,2.6
20,all,oracle,ours_dr,300,100.00,0,38.33,4.6895,582.800,0.013514,3.9907,0.23222,3.43926,5.7
20,all,oracle,pnn_bf,300,100.00,0,21.00,3.1475,341.649,0.018190,4.4944,0.28933,2.61570,5.8
20,all,oracle,lyap1,300,100.00,0,24.33,3.6840,432.890,0.018763,3.8281,0.24553,2.13838,2.8
20,all,oracle,lyap2,300,100.00,0,68.00,6.8765,908.983,0.009288,3.3292,0.16828,2.85488,9.2
20,all,oracle,pid_table3,300,100.00,0,69.33,5.8630,1120.337,0.054377,3.1452,0.26851,1.06096,16.8
20,all,measured,ours_bptt,300,100.00,0,26.67,3.6755,386.669,0.017483,4.3565,0.28989,3.49216,4.8
20,all,measured,ours_dr,300,100.00,0,38.33,4.7095,586.328,0.013485,3.9907,0.23222,3.43926,11.6
20,all,measured,pnn_bf,300,100.00,0,21.33,3.1675,348.212,0.018134,4.4944,0.28933,2.61570,4.3
20,all,measured,lyap1,300,100.00,0,24.67,3.7040,435.805,0.018714,3.8281,0.24553,2.13838,5.8
20,all,measured,lyap2,300,100.00,0,68.67,6.8965,912.178,0.009274,3.3292,0.16828,2.85488,11.2
20,all,measured,pid_table3,300,100.00,0,69.67,5.8830,1126.746,0.054282,3.1452,0.26851,1.06096,15.7
50,pose,oracle,ours_bptt,300,100.00,0,24.33,3.5825,438.284,0.022064,4.3526,0.28416,3.49216,7.5
50,pose,oracle,ours_dr,300,100.00,0,36.67,4.4835,592.080,0.017132,3.9939,0.22863,3.43926,15.3
50,pose,oracle,pnn_bf,300,100.00,0,20.33,3.1525,436.473,0.021058,4.4603,0.28469,2.61570,8.8
50,pose,oracle,lyap1,300,100.00,0,23.33,3.5220,474.909,0.023047,3.8038,0.24311,2.13838,9.6
50,pose,oracle,lyap2,300,100.00,0,64.67,6.6800,890.887,0.010896,3.3370,0.16491,2.85488,21.1
50,pose,oracle,pid_table3,300,100.00,0,72.33,5.9730,1283.364,0.053660,3.1439,0.26841,1.05674,22.9
50,pose,measured,ours_bptt,300,100.00,0,25.00,3.6325,436.926,0.021914,4.3526,0.28416,3.49216,8.0
50,pose,measured,ours_dr,300,100.00,0,37.00,4.5335,596.105,0.017038,3.9939,0.22863,3.43926,14.9
50,pose,measured,pnn_bf,300,100.00,0,21.00,3.2025,477.154,0.020881,4.4603,0.28469,2.61570,14.6
50,pose,measured,lyap1,300,100.00,0,23.33,3.5720,476.746,0.022878,3.8038,0.24311,2.13838,11.5
50,pose,measured,lyap2,300,100.00,0,65.33,6.7300,898.495,0.010855,3.3370,0.16491,2.85488,20.2
50,pose,measured,pid_table3,300,100.00,0,73.00,6.0230,1307.213,0.053425,3.1439,0.26841,1.05674,21.3
50,wheels,oracle,ours_bptt,300,100.00,0,30.00,3.8260,457.221,0.014740,4.4511,0.30128,3.49216,10.9
50,wheels,oracle,ours_dr,300,100.00,0,41.67,4.9595,605.980,0.011345,4.0737,0.24025,3.43926,12.4
50,wheels,oracle,pnn_bf,300,100.00,0,23.33,3.3170,360.765,0.015704,4.5929,0.30549,2.61570,9.1
50,wheels,oracle,lyap1,300,100.00,0,27.00,3.9875,445.804,0.016849,3.9124,0.25031,2.13838,7.8
50,wheels,oracle,lyap2,300,100.00,0,70.33,7.0695,939.308,0.008172,3.3912,0.17477,2.85488,9.9
50,wheels,oracle,pid_table3,300,100.00,0,67.33,5.8530,1028.805,0.054824,3.1840,0.26858,1.06640,13.7
50,wheels,measured,ours_bptt,300,100.00,0,30.00,3.8260,457.221,0.014740,4.4511,0.30128,3.49216,5.9
50,wheels,measured,ours_dr,300,100.00,0,41.67,4.9595,605.980,0.011345,4.0737,0.24025,3.43926,8.1
50,wheels,measured,pnn_bf,300,100.00,0,23.33,3.3170,360.765,0.015704,4.5929,0.30549,2.61570,4.9
50,wheels,measured,lyap1,300,100.00,0,27.00,3.9875,445.804,0.016849,3.9124,0.25031,2.13838,9.5
50,wheels,measured,lyap2,300,100.00,0,70.33,7.0695,939.308,0.008172,3.3912,0.17477,2.85488,13.3
50,wheels,measured,pid_table3,300,100.00,0,67.33,5.8530,1028.805,0.054824,3.1840,0.26858,1.06640,17.8
50,all,oracle,ours_bptt,300,100.00,0,28.00,3.7650,475.737,0.019551,4.5973,0.30466,3.49216,5.0
50,all,oracle,ours_dr,300,100.00,0,39.00,4.7475,600.162,0.015112,4.2434,0.24552,3.43926,6.8
50,all,oracle,pnn_bf,300,100.00,0,21.33,3.2395,400.862,0.019379,4.6547,0.31339,2.61570,5.3
50,all,oracle,lyap1,300,100.00,0,24.33,3.7160,439.148,0.019938,3.9577,0.25279,2.13838,4.9
50,all,oracle,lyap2,300,100.00,0,68.67,6.8980,919.016,0.009415,3.5144,0.17665,2.85488,12.7
50,all,oracle,pid_table3,300,100.00,0,68.33,5.8190,1106.359,0.054029,3.2321,0.26867,1.06730,11.1
50,all,measured,ours_bptt,300,100.00,0,28.67,3.8150,487.239,0.019426,4.5973,0.30466,3.49216,5.1
50,all,measured,ours_dr,300,100.00,0,40.00,4.7975,610.986,0.015034,4.2434,0.24552,3.43926,8.3
50,all,measured,pnn_bf,300,100.00,0,21.33,3.2895,420.950,0.019233,4.6547,0.31339,2.61570,6.1
50,all,measured,lyap1,300,100.00,0,25.00,3.7660,446.891,0.019819,3.9577,0.25279,2.13838,10.4
50,all,measured,lyap2,300,100.00,0,68.67,6.9480,926.910,0.009381,3.5144,0.17665,2.85488,16.9
50,all,measured,pid_table3,300,100.00,0,68.67,5.8690,1130.893,0.053792,3.2321,0.26867,1.06730,25.0
100,pose,oracle,ours_bptt,300,100.00,0,27.00,3.9195,675.601,0.029674,4.5050,0.28846,3.49216,9.0
100,pose,oracle,ours_dr,300,100.00,0,38.33,4.6515,683.116,0.023032,4.1623,0.23206,3.43926,13.2
100,pose,oracle,pnn_bf,300,100.00,0,24.00,3.4770,797.435,0.027780,4.5375,0.29100,2.61570,12.1
100,pose,oracle,lyap1,300,100.00,0,22.33,3.4580,552.820,0.026182,3.8565,0.24399,2.13838,11.5
100,pose,oracle,lyap2,300,100.00,0,62.00,6.5730,886.071,0.014112,3.4528,0.16800,2.85488,19.0
100,pose,oracle,pid_table3,300,100.00,0,73.33,6.2535,1424.823,0.047951,3.1915,0.26841,1.05674,19.5
100,pose,measured,ours_bptt,300,100.00,0,28.00,4.0195,718.276,0.029327,4.5050,0.28846,3.49216,11.3
100,pose,measured,ours_dr,300,100.00,0,40.00,4.7515,687.456,0.022804,4.1623,0.23206,3.43926,14.0
100,pose,measured,pnn_bf,300,100.00,0,25.33,3.5770,844.082,0.027418,4.5375,0.29100,2.61570,11.9
100,pose,measured,lyap1,300,100.00,0,23.67,3.5580,558.383,0.025788,3.8565,0.24399,2.13838,10.1
100,pose,measured,lyap2,300,100.00,0,63.33,6.6730,903.645,0.013999,3.4528,0.16800,2.85488,12.8
100,pose,measured,pid_table3,300,100.00,0,74.33,6.3535,1440.551,0.047556,3.1915,0.26841,1.05674,20.8
100,wheels,oracle,ours_bptt,300,100.00,0,32.33,4.1115,496.367,0.013060,4.7573,0.32899,3.49216,9.9
100,wheels,oracle,ours_dr,300,100.00,0,45.00,5.1865,638.871,0.009840,4.3774,0.26340,3.43926,15.4
100,wheels,oracle,pnn_bf,300,100.00,0,23.33,3.6245,415.068,0.013954,4.8655,0.33588,2.61570,9.3
100,wheels,oracle,lyap1,300,100.00,0,32.67,4.2330,505.415,0.014710,4.1228,0.27396,2.13838,6.2
100,wheels,oracle,lyap2,300,100.00,0,72.67,7.2650,969.158,0.007378,3.6403,0.19015,2.85488,12.9
100,wheels,oracle,pid_table3,300,100.00,0,65.33,5.8440,990.072,0.055005,3.3614,0.26858,1.07275,12.8
100,wheels,measured,ours_bptt,300,100.00,0,32.33,4.1115,496.367,0.013060,4.7573,0.32899,3.49216,4.9
100,wheels,measured,ours_dr,300,100.00,0,45.00,5.1865,638.871,0.009840,4.3774,0.26340,3.43926,11.3
100,wheels,measured,pnn_bf,300,100.00,0,23.33,3.6245,415.068,0.013954,4.8655,0.33588,2.61570,8.2
100,wheels,measured,lyap1,300,100.00,0,32.67,4.2330,505.415,0.014710,4.1228,0.27396,2.13838,4.4
100,wheels,measured,lyap2,300,100.00,0,72.67,7.2650,969.158,0.007378,3.6403,0.19015,2.85488,10.3
100,wheels,measured,pid_table3,300,100.00,0,65.33,5.8440,990.072,0.055005,3.3614,0.26858,1.07275,14.9
100,all,oracle,ours_bptt,300,100.00,0,31.67,4.1920,578.522,0.025524,5.0964,0.33326,3.49216,6.9
100,all,oracle,ours_dr,300,100.00,0,44.33,5.0125,691.725,0.020105,4.7214,0.26827,3.43926,11.2
100,all,oracle,pnn_bf,300,100.00,0,22.00,3.5900,541.758,0.024720,5.0148,0.33981,2.61570,8.4
100,all,oracle,lyap1,300,100.00,0,25.00,3.8030,450.135,0.020672,4.2121,0.27516,2.13838,10.5
100,all,oracle,lyap2,300,100.00,0,70.00,6.9625,942.268,0.011395,3.8183,0.19427,2.85488,17.0
100,all,oracle,pid_table3,300,100.00,0,67.67,5.7530,1067.064,0.053335,3.4625,0.26894,1.07786,21.3
100,all,measured,ours_bptt,300,100.00,0,33.33,4.2920,596.101,0.025229,5.0964,0.33326,3.49216,12.0
100,all,measured,ours_dr,300,100.00,0,45.33,5.1125,706.711,0.019908,4.7214,0.26827,3.43926,10.3
100,all,measured,pnn_bf,300,100.00,0,23.33,3.6900,583.314,0.024409,5.0148,0.33981,2.61570,12.4
100,all,measured,lyap1,300,100.00,0,26.33,3.9030,464.173,0.020408,4.2121,0.27516,2.13838,7.3
100,all,measured,lyap2,300,100.00,0,70.67,7.0625,955.580,0.011320,3.8183,0.19427,2.85488,16.6
100,all,measured,pid_table3,300,100.00,0,68.67,5.8530,1117.917,0.052888,3.4625,0.26894,1.07786,21.1
125,pose,oracle,ours_bptt,300,100.00,0,30.33,4.3685,859.683,0.033346,4.5519,0.28962,3.49216,12.8
125,pose,oracle,ours_dr,300,100.00,0,41.67,4.9295,784.642,0.026637,4.2206,0.23229,3.43926,13.6
125,pose,oracle,pnn_bf,300,100.00,0,26.00,3.9555,856.514,0.031554,4.5886,0.29477,2.66835,8.5
125,pose,oracle,lyap1,300,100.00,0,22.67,3.4930,594.505,0.029417,3.8722,0.24530,2.13838,6.0
125,pose,oracle,lyap2,300,100.00,0,61.33,6.5660,896.544,0.016270,3.4861,0.16951,2.85488,13.5
125,pose,oracle,pid_table3,300,100.00,0,71.33,6.3165,1451.993,0.046521,3.2154,0.26841,1.05674,14.0
125,pose,measured,ours_bptt,300,100.00,0,32.67,4.4935,884.429,0.032884,4.5519,0.28962,3.49216,11.4
125,pose,measured,ours_dr,300,100.00,0,44.00,5.0545,807.477,0.026265,4.2206,0.23229,3.43926,10.0
125,pose,measured,pnn_bf,300,100.00,0,27.00,4.0805,969.871,0.031105,4.5886,0.29477,2.70865,10.0
125,pose,measured,lyap1,300,100.00,0,24.33,3.6180,632.574,0.028914,3.8722,0.24530,2.13838,7.0
125,pose,measured,lyap2,300,100.00,0,62.67,6.6910,922.928,0.016118,3.4861,0.16951,2.85488,10.4
125,pose,measured,pid_table3,300,100.00,0,73.33,6.4415,1508.664,0.046055,3.2154,0.26841,1.05674,15.9
125,wheels,oracle,ours_bptt,300,100.00,0,33.33,4.2555,506.582,0.012335,4.9640,0.34232,3.49216,7.2
125,wheels,oracle,ours_dr,300,100.00,0,46.67,5.3175,656.641,0.009435,4.5815,0.27238,3.43926,6.9
125,wheels,oracle,pnn_bf,300,100.00,0,26.00,3.7710,449.260,0.013261,5.0603,0.34978,2.61570,7.7
125,wheels,oracle,lyap1,300,100.00,0,33.33,4.3710,528.687,0.013811,4.2617,0.28562,2.13838,9.6
125,wheels,oracle,lyap2,300,100.00,0,75.00,7.3630,984.042,0.006949,3.8078,0.19853,2.85488,15.1
125,wheels,oracle,pid_table3,300,100.00,0,64.33,5.8870,983.660,0.055088,3.4933,0.26858,1.07436,15.7
125,wheels,measured,ours_bptt,300,100.00,0,33.33,4.2555,506.582,0.012335,4.9640,0.34232,3.49216,8.2
125,wheels,measured,ours_dr,300,100.00,0,46.67,5.3175,656.641,0.009435,4.5815,0.27238,3.43926,9.9
125,wheels,measured,pnn_bf,300,100.00,0,26.00,3.7710,449.260,0.013261,5.0603,0.34978,2.61570,11.2
125,wheels,measured,lyap1,300,100.00,0,33.33,4.3710,528.687,0.013811,4.2617,0.28562,2.13838,8.5
125,wheels,measured,lyap2,300,100.00,0,75.00,7.3630,984.042,0.006949,3.8078,0.19853,2.85488,15.3
125,wheels,measured,pid_table3,300,100.00,0,64.33,5.8870,983.660,0.055088,3.4933,0.26858,1.07436,18.2
125,all,oracle,ours_bptt,300,100.00,0,39.00,4.7750,774.087,0.029181,5.4212,0.34574,3.56494,10.8
125,all,oracle,ours_dr,300,100.00,0,50.00,5.4255,810.416,0.023020,4.9950,0.28202,3.43926,13.8
125,all,oracle,pnn_bf,300,100.00,0,26.67,3.9240,626.876,0.028888,5.2532,0.35251,2.69227,8.5
125,all,oracle,lyap1,300,100.00,0,26.00,3.8805,473.421,0.021759,4.3537,0.28922,2.13838,7.0
125,all,oracle,lyap2,300,100.00,0,71.33,7.0450,968.523,0.013043,4.0244,0.20039,2.85488,13.3
125,all,oracle,pid_table3,300,100.00,0,67.67,5.7155,1056.682,0.052757,3.6179,0.26908,1.08314,16.9
125,all,measured,ours_bptt,300,100.00,0,40.33,4.9000,815.935,0.028818,5.4212,0.34574,3.56494,8.5
125,all,measured,ours_dr,300,100.00,0,50.67,5.5505,831.043,0.022757,4.9950,0.28202,3.43926,14.0
125,all,measured,pnn_bf,300,100.00,0,27.33,4.0490,665.174,0.028435,5.2532,0.35251,2.69227,10.2
125,all,measured,lyap1,300,100.00,0,27.00,4.0055,489.292,0.021411,4.3537,0.28922,2.13838,7.9
125,all,measured,lyap2,300,100.00,0,72.67,7.1700,983.945,0.012933,4.0244,0.20039,2.85488,12.0
125,all,measured,pid_table3,300,100.00,0,69.00,5.8405,1120.036,0.052183,3.6179,0.26908,1.08314,15.8
150,pose,oracle,ours_bptt,300,100.00,0,41.67,5.0935,1019.161,0.036471,4.6381,0.29133,3.49216,7.9
150,pose,oracle,ours_dr,300,100.00,0,47.33,5.4720,943.790,0.029348,4.2796,0.23355,3.43926,8.8
150,pose,oracle,pnn_bf,300,100.00,0,31.67,4.6745,1125.469,0.034786,4.6168,0.29607,2.89288,6.6
150,pose,oracle,lyap1,300,100.00,0,24.00,3.5950,699.775,0.032661,3.8872,0.24597,2.13838,5.7
150,pose,oracle,lyap2,300,100.00,0,61.33,6.5760,935.811,0.018599,3.5145,0.17182,2.85488,7.6
150,pose,oracle,pid_table3,300,100.00,0,69.33,6.3935,1525.599,0.045918,3.2394,0.26841,1.05674,7.7
150,pose,measured,ours_bptt,300,100.00,0,43.67,5.2435,1048.881,0.035803,4.6381,0.29133,3.49216,8.8
150,pose,measured,ours_dr,300,100.00,0,49.67,5.6220,987.935,0.028909,4.2796,0.23355,3.43926,9.5
150,pose,measured,pnn_bf,300,100.00,0,35.67,4.8245,1109.195,0.034195,4.6168,0.29607,2.91128,7.9
150,pose,measured,lyap1,300,100.00,0,25.67,3.7450,782.475,0.032036,3.8872,0.24597,2.13838,8.8
150,pose,measured,lyap2,300,100.00,0,63.67,6.7260,963.445,0.018385,3.5145,0.17182,2.85488,12.2
150,pose,measured,pid_table3,300,100.00,0,72.00,6.5435,1642.499,0.045358,3.2394,0.26841,1.05674,14.1
150,wheels,oracle,ours_bptt,300,100.00,0,34.00,4.3980,540.716,0.011913,5.1755,0.35307,3.49216,7.6
150,wheels,oracle,ours_dr,300,100.00,0,48.67,5.4310,676.599,0.009375,4.7903,0.28657,3.43926,9.6
150,wheels,oracle,pnn_bf,300,100.00,0,29.00,3.9225,461.325,0.013345,5.2835,0.36973,2.61570,9.9
150,wheels,oracle,lyap1,300,100.00,0,34.00,4.4875,558.387,0.013182,4.4383,0.29528,2.13838,6.9
150,wheels,oracle,lyap2,300,100.00,0,76.00,7.4625,999.108,0.006587,3.9883,0.20715,2.85488,7.8
150,wheels,oracle,pid_table3,300,100.00,0,64.33,5.9080,971.322,0.055165,3.6517,0.26858,1.07485,10.3
150,wheels,measured,ours_bptt,300,100.00,0,34.00,4.3980,540.716,0.011913,5.1755,0.35307,3.49216,5.4
150,wheels,measured,ours_dr,300,100.00,0,48.67,5.4310,676.599,0.009375,4.7903,0.28657,3.43926,6.1
150,wheels,measured,pnn_bf,300,100.00,0,29.00,3.9225,461.325,0.013345,5.2835,0.36973,2.61570,6.7
150,wheels,measured,lyap1,300,100.00,0,34.00,4.4875,558.387,0.013182,4.4383,0.29528,2.13838,3.7
150,wheels,measured,lyap2,300,100.00,0,76.00,7.4625,999.108,0.006587,3.9883,0.20715,2.85488,8.0
150,wheels,measured,pid_table3,300,100.00,0,64.33,5.9080,971.322,0.055165,3.6517,0.26858,1.07485,5.0
150,all,oracle,ours_bptt,300,100.00,0,55.00,6.1855,1123.342,0.033636,5.8093,0.35067,4.17926,4.1
150,all,oracle,ours_dr,300,100.00,0,60.67,6.6080,1132.853,0.026657,5.3400,0.28824,3.96450,9.8
150,all,oracle,pnn_bf,300,100.00,0,37.67,4.7170,849.257,0.033770,5.5666,0.36823,3.65765,6.9
150,all,oracle,lyap1,300,100.00,0,26.67,3.9820,509.933,0.024207,4.5344,0.30144,2.13838,2.4
150,all,oracle,lyap2,300,100.00,0,74.00,7.3040,1024.224,0.015897,4.2973,0.20777,2.85488,4.4
150,all,oracle,pid_table3,300,100.00,0,66.00,5.6745,1043.358,0.052031,3.8032,0.26921,1.08842,9.5
150,all,measured,ours_bptt,300,100.00,0,56.67,6.3355,1174.448,0.033259,5.8093,0.35067,4.17926,4.2
150,all,measured,ours_dr,300,100.00,0,64.67,6.7580,1155.801,0.026377,5.3400,0.28824,3.96450,10.0
150,all,measured,pnn_bf,300,100.00,0,38.67,4.8670,916.781,0.033225,5.5666,0.36823,3.65765,3.0
150,all,measured,lyap1,300,100.00,0,29.67,4.1320,546.222,0.023772,4.5344,0.30144,2.13838,2.5
150,all,measured,lyap2,300,100.00,0,76.67,7.4540,1036.916,0.015734,4.2973,0.20777,2.85488,10.4
150,all,measured,pid_table3,300,100.00,0,67.67,5.8245,1112.267,0.051380,3.8032,0.26921,1.08842,5.2
175,pose,oracle,ours_bptt,300,100.00,0,53.33,6.1785,1264.929,0.037977,4.7109,0.29324,3.53475,4.2
175,pose,oracle,ours_dr,300,100.00,0,54.33,6.3465,1167.301,0.031775,4.3390,0.23354,3.43926,7.5
175,pose,oracle,pnn_bf,300,100.00,0,44.33,5.2610,1175.795,0.037953,4.6500,0.29593,3.09460,3.2
175,pose,oracle,lyap1,300,100.00,0,25.33,3.8665,916.346,0.035834,3.9307,0.24628,2.13838,2.5
175,pose,oracle,lyap2,300,100.00,0,64.00,6.6710,1006.466,0.021324,3.5406,0.17251,2.85488,9.6
175,pose,oracle,pid_table3,300,100.00,0,68.33,6.4230,1546.134,0.045165,3.2631,0.26841,1.05674,4.5
175,pose,measured,ours_bptt,300,100.00,0,58.67,6.3535,1305.201,0.037498,4.7109,0.29324,3.53475,4.3
175,pose,measured,ours_dr,300,100.00,0,56.67,6.5215,1189.325,0.031291,4.3390,0.23354,3.43926,9.7
175,pose,measured,pnn_bf,300,100.00,0,44.67,5.4360,1209.546,0.037275,4.6500,0.29593,3.09581,6.4
175,pose,measured,lyap1,300,100.00,0,27.00,4.0415,1020.695,0.035095,3.9307,0.24628,2.13838,2.6
175,pose,measured,lyap2,300,100.00,0,67.67,6.8460,1045.040,0.021051,3.5406,0.17251,2.85488,4.3
175,pose,measured,pid_table3,300,100.00,0,70.00,6.5980,1742.200,0.044532,3.2631,0.26841,1.05674,4.6
175,wheels,oracle,ours_bptt,300,100.00,0,35.67,4.5595,570.618,0.012051,5.4286,0.36357,3.56808,6.0
175,wheels,oracle,ours_dr,300,100.00,0,51.33,5.5780,702.010,0.009529,5.0055,0.29588,3.43926,3.4
175,wheels,oracle,pnn_bf,300,100.00,0,32.00,4.0800,478.428,0.013496,5.5279,0.38778,2.64642,4.7
175,wheels,oracle,lyap1,300,100.00,0,35.67,4.5965,583.664,0.012477,4.6043,0.30958,2.13838,6.4
175,wheels,oracle,lyap2,300,100.00,0,77.67,7.5675,1013.845,0.006500,4.1749,0.21526,2.85488,4.4
175,wheels,oracle,pid_table3,300,100.00,0,63.33,5.9420,967.244,0.055221,3.8292,0.26858,1.07485,5.0
175,wheels,measured,ours_bptt,300,100.00,0,35.67,4.5595,570.618,0.012051,5.4286,0.36357,3.56808,6.0
175,wheels,measured,ours_dr,300,100.00,0,51.33,5.5780,702.010,0.009529,5.0055,0.29588,3.43926,6.3
175,wheels,measured,pnn_bf,300,100.00,0,32.00,4.0800,478.428,0.013496,5.5279,0.38778,2.64642,2.6
175,wheels,measured,lyap1,300,100.00,0,35.67,4.5965,583.664,0.012477,4.6043,0.30958,2.13838,2.7
175,wheels,measured,lyap2,300,100.00,0,77.67,7.5675,1013.845,0.006500,4.1749,0.21526,2.85488,10.4
175,wheels,measured,pid_table3,300,100.00,0,63.33,5.9420,967.244,0.055221,3.8292,0.26858,1.07485,5.1
175,all,oracle,ours_bptt,300,100.00,0,86.33,11.3780,1870.208,0.033962,6.2219,0.36870,6.03554,8.1
175,all,oracle,ours_dr,300,100.00,0,88.67,11.3120,1849.375,0.027840,5.7686,0.29571,5.47490,16.4
175,all,oracle,pnn_bf,300,100.00,0,59.00,6.7335,1301.676,0.037654,5.9087,0.38858,5.03225,9.4
175,all,oracle,lyap1,300,100.00,0,29.33,4.1125,610.539,0.027584,4.7684,0.31082,2.13838,2.6
175,all,oracle,lyap2,300,100.00,0,81.00,7.7630,1175.034,0.019371,4.5912,0.21106,3.23824,4.9
175,all,oracle,pid_table3,300,100.00,0,66.00,5.6240,1029.933,0.051193,4.0106,0.26935,1.09371,5.1
175,all,measured,ours_bptt,300,100.00,0,87.00,11.5530,1894.831,0.033665,6.2219,0.36870,6.03576,30.7
175,all,measured,ours_dr,300,100.00,0,89.33,11.4870,1928.140,0.027649,5.7686,0.29571,5.48114,16.3
175,all,measured,pnn_bf,300,100.00,0,61.00,6.9085,1357.699,0.037134,5.9087,0.38858,5.06442,5.2
175,all,measured,lyap1,300,100.00,0,32.00,4.2875,636.957,0.027033,4.7684,0.31082,2.13838,2.7
175,all,measured,lyap2,300,100.00,0,81.67,7.9380,1195.729,0.019157,4.5912,0.21106,3.23824,19.8
175,all,measured,pid_table3,300,100.00,0,67.33,5.7990,1119.354,0.050444,4.0106,0.26935,1.09371,13.3
200,pose,oracle,ours_bptt,300,100.00,0,73.00,8.0560,1514.518,0.038249,4.7770,0.29434,3.57880,17.0
200,pose,oracle,ours_dr,300,100.00,0,69.67,7.8520,1426.459,0.032917,4.4053,0.23356,3.43926,15.7
200,pose,oracle,pnn_bf,300,100.00,0,58.67,6.1840,1496.528,0.040148,4.6818,0.29570,3.27962,9.3
200,pose,oracle,lyap1,300,100.00,0,27.00,4.3755,1148.466,0.039164,3.9603,0.24765,2.13838,12.9
200,pose,oracle,lyap2,300,100.00,0,70.67,7.0035,1135.403,0.022742,3.5828,0.17251,2.85488,18.1
200,pose,oracle,pid_table3,300,100.00,0,62.00,6.4260,1765.020,0.045258,3.2867,0.26841,1.05674,12.1
200,pose,measured,ours_bptt,300,100.00,0,74.67,8.2560,1629.694,0.037734,4.7770,0.29434,3.57880,21.7
200,pose,measured,ours_dr,300,100.00,0,73.00,8.0520,1510.247,0.032430,4.4053,0.23356,3.43926,13.8
200,pose,measured,pnn_bf,300,100.00,0,58.67,6.3840,1655.015,0.039520,4.6818,0.29570,3.28447,14.0
200,pose,measured,lyap1,300,100.00,0,29.33,4.5755,1245.677,0.038360,3.9603,0.24765,2.13838,6.2
200,pose,measured,lyap2,300,100.00,0,73.33,7.2035,1158.014,0.022425,3.5828,0.17251,2.85488,11.7
200,pose,measured,pid_table3,300,100.00,0,64.33,6.6260,1813.124,0.044581,3.2867,0.26841,1.05674,8.4
200,wheels,oracle,ours_bptt,300,100.00,0,37.67,4.8010,595.232,0.013190,5.7700,0.37854,4.04365,7.8
200,wheels,oracle,ours_dr,300,100.00,0,54.00,5.7580,744.204,0.010122,5.2388,0.30804,3.84128,10.8
200,wheels,oracle,pnn_bf,300,100.00,0,32.67,4.2815,554.810,0.014668,5.7767,0.40209,2.98281,5.2
200,wheels,oracle,lyap1,300,100.00,0,36.33,4.7080,594.620,0.011975,4.7971,0.31990,2.13838,6.7
200,wheels,oracle,lyap2,300,100.00,0,79.67,7.6855,1028.216,0.006348,4.3605,0.22281,2.85488,9.6
200,wheels,oracle,pid_table3,300,100.00,0,63.00,5.9875,972.314,0.055248,4.0183,0.26858,1.07485,10.8
200,wheels,measured,ours_bptt,300,100.00,0,37.67,4.8010,595.232,0.013190,5.7700,0.37854,4.04365,8.8
200,wheels,measured,ours_dr,300,100.00,0,54.00,5.7580,744.204,0.010122,5.2388,0.30804,3.84128,10.4
200,wheels,measured,pnn_bf,300,100.00,0,32.67,4.2815,554.810,0.014668,5.7767,0.40209,2.98281,7.2
200,wheels,measured,lyap1,300,100.00,0,36.33,4.7080,594.620,0.011975,4.7971,0.31990,2.13838,11.1
200,wheels,measured,lyap2,300,100.00,0,79.67,7.6855,1028.216,0.006348,4.3605,0.22281,2.85488,9.6
200,wheels,measured,pid_table3,300,100.00,0,63.00,5.9875,972.314,0.055248,4.0183,0.26858,1.07485,15.5
200,all,oracle,ours_bptt,300,12.00,0,94.67,30.0000,2755.114,0.074122,6.8942,0.44245,8.83374,59.5
200,all,oracle,ours_dr,300,11.33,0,96.00,30.0000,3099.059,0.049041,6.6807,0.32157,8.78076,65.9
200,all,oracle,pnn_bf,300,52.33,0,83.00,26.8570,2299.252,0.051930,6.7621,0.42938,7.13668,48.1
200,all,oracle,lyap1,300,100.00,0,32.00,4.4240,716.804,0.032695,5.0953,0.31963,2.27430,14.7
200,all,oracle,lyap2,300,100.00,0,94.67,10.2595,1687.621,0.022272,4.9853,0.21765,3.74620,27.5
200,all,oracle,pid_table3,300,100.00,0,65.33,5.5700,1016.409,0.049959,4.2332,0.26948,1.09899,25.8
200,all,measured,ours_bptt,300,12.00,0,95.00,30.0000,2761.402,0.074122,6.8942,0.44245,8.83374,38.0
200,all,measured,ours_dr,300,11.33,0,96.33,30.0000,3099.059,0.049041,6.6807,0.32157,8.78076,60.2
200,all,measured,pnn_bf,300,52.00,0,83.33,27.0570,2301.002,0.051192,6.7621,0.42938,7.16325,56.6
200,all,measured,lyap1,300,100.00,0,35.67,4.6240,713.175,0.031974,5.0953,0.31963,2.27430,6.8
200,all,measured,lyap2,300,100.00,0,95.33,10.4595,1706.371,0.022034,4.9853,0.21765,3.74620,39.0
200,all,measured,pid_table3,300,100.00,0,66.67,5.7700,1118.085,0.049179,4.2332,0.26948,1.09899,19.3
